7.0_doodle	Baile Doodle
7.0_konton_boogie	Baile Konton Boogie
7.0_squat_kick	Baile de patadas en cuclillas
blingbangbangborn	Baile Bling-Bang-Bang-Born
brakedance	Breakdance
bye-bye-bye_deadpool_dance	Baile Bye Bye Bye (Deadpool)
chainsawman_dance	Baile de Chainsaw Man
de_ankha	Baile de Ankha
de_bhangra_boogie	Baile Bhangra
de_boogie_down	Baile Boogie Down
de_california_gurls	Baile California Gurls
de_crossing_arms	Baile de brazos cruzados
de_dance_of_little_ducklings	Baile de los pajaritos
de_dancing_up	Baile animado
de_disco_star	Baile estrella disco
de_drake	Baile de Drake
de_engineer_dance	Baile del ingeniero (TF2)
de_fishyflourish	Baile Fishy Flourish
de_futterwacken	Baile Futterwacken
de_gmod_default	Baile de Garry's Mod
de_goatsimulator_party	Baile de Goat Simulator
de_green_alien	Baile del alien verde
de_griddy	Baile Griddy
de_gru_dance	Baile de Gru
de_lezginka	Baile Lezginka
de_lilmoon	Baile Lil Moon
de_macarena	Baile Macarena
de_monkey	Baile del mono
de_octavia	Baile de Octavia (Warframe)
de_piglin	Baile del piglin
de_pirouette	Pirueta
de_piston_legs	Baile piernas pistón
de_purple_cobras	Baile Purple Cobras
de_smooth_moves	Baile Smooth Moves
de_tf2_mannrobics	Baile Mannrobics (TF2)
de_trap_moves	Baile trap
de_unreal_dvizh	Baile de Unreal
de_windmill_floss	Baile Floss molino
distraction_dance_remake	Baile de distracción
dylan_dance	Baile de Dylan
hakaridance	Baile de Hakari
hypnodance	Baile hipnótico
ishakov_dance	Baile de Ishakov
lethalcompanydance	Baile de Lethal Company
litle_big_skibidi	Baile Skibidi
skibididobdobyesyes	Baile Skibidi Dob Dob
not_responsible_dance	Baile Not Responsible
ore_dance_remakee	Baile del mineral
phantomimes	Baile Phantomimes
pikuniku	Baile Pikuniku
pumpkin_dance	Baile de la calabaza
shikanoko	Baile Shikanoko
slebyshdances	Baile del topo
walking_dance	Baile caminando
mettatonex	Baile de Mettaton (Undertale)
lord_dripiez	Baile Lord Dripiez
7.0_headache	Dolor de cabeza
7.0_wipe_sweat_off_head	Secarse el sudor
7.0_victory_2	Victoria 2
7.0_ear_tease	Burlarse
rideonthefloorinhysteria	Revolcarse de risa
yawn	Bostezar
cover_from_sun	Taparse del sol
cool_take_off_glasses	Quitarse las gafas
frighten	Asustarse
shock	Sorpresa
hopelessness	Desesperación
twirl_finger_at_temple	¿Estás loco?
rummaging_pockets	Buscar en los bolsillos
strokethestomach	Tocarse la barriga
kowtow	Reverencia profunda
napoleon_stand_looks	Mirar a lo lejos
furryanimal_sit	Sentarse como un gato
furryanimal_lay	Tumbarse como un gato
ciem_watching	Ver una película
ciem_sleep	Dormirse en el cine
napoleon	Sentado pensativo
meditation	Meditar
7.0_sunbathing	Tomar el sol
emotewinter15	Calentarse en la hoguera
emotewinter17	Tumbarse en la nieve
emotewinter11	Tener frío
read_a_book	Leer un libro
cartwheel	Rueda lateral
kip_up	Levantarse de un salto
dropkick	Patada voladora
triplekickinair	Triple patada
swinging_fists_in_a_fighting_stance	Boxear
ultimate_punch	Puñetazo definitivo
headbutt	Cabezazo
hadouken	Hadouken
onearm_pullup	Dominada a una mano
push-upsinthehandonhand	Flexiones haciendo el pino
5x30_plank	Plancha
5x30_sit_up	Abdominales
skateboarding	Patinar
skateboarding_kickflip	Kickflip en monopatín
kick_football	Chutar un balón
juggle	Malabares
march	Marcar el paso
proud_walk	Andar con orgullo
jack_sparrow_walk	Andar como Jack Sparrow
zombie_walk	Andar como un zombi
levitateinthesky	Levitar
smoothflight	Volar
createaportal	Abrir un portal
falllikeastatue	Caerse como una estatua
getstuckintextures	Atascado en las texturas
strongwind	Viento fuerte
dig_up_something	Desenterrar algo
spray_the_graffiti	Pintar un grafiti
hold_a_videocam	Grabar con cámara
mecmdj	DJ
mecmnormalbithed	Mover la cabeza al ritmo
gp_piano_playing	Tocar el piano
gp_counting_money	Contar dinero
emotewinter14	Tirar bolas de nieve
knock_door	Llamar a la puerta
return_alive	Salir de la tumba
happy_ore	Celebrar un mineral
pickaxe_shoulder	Pico al hombro
panhandle_with_hat	Pedir con el sombrero
monoliths_prayer	Rezar
