file	display_name	source	version	endTick	loop	uuid_in_file	proposed_uuid	icon
F.json	Give respects	KosmX/Emotecraft-emotes (CC0)	1	60	false	none	8f1eca53-a93a-3653-bda4-a12e1df969b9	no
MIEM_7.0_friend_round_dance.json	Friendship Round Dance	MineEmotes	3	39	true	none	87a6099e-c47c-3cdb-8eea-0aaf5a3d9d89	yes
MIEM_7.0_hungarian_folk_dance.json	Czardas	MineEmotes	3	41	true	none	388a40dd-aa3f-39be-8906-dd7c9e8c3563	yes
MIEM_cowgirlsleep.json	The shepherd is sleeping	MineEmotes	1	30	true	none	df5ef4d6-9881-3b4f-8881-c1f197908796	yes
MIEM_happy_bird_dance.json	Happy bird §4(Dance)	MineEmotes	3	38	true	none	0643ffaf-2c9e-3d3f-b1bf-8678ab074829	yes
MIEM_laughalot2.json	Laugh a lot §7(2 version)	MineEmotes	1	92	false	none	146aa69d-579c-35d3-98ee-e7858d3d3d9a	yes
MIEM_pat_on_head.json	1 Stroke the head	MineEmotes	1	44	true	none	f314b5f1-98fa-3ec9-b3ca-1599f1d7b407	no
MIEM_sittingwithyourkneestothechest.json	Sitting with knees to the chest	MineEmotes	1	45	true	none	c93641b9-6684-3c3a-b68a-1e57e9ce9031	yes
MIEM_think.json	Thinking	MineEmotes	1	68	true	none	beef8200-b625-3f9f-9274-b3a2f1c9f58f	yes
MIEM_victory_1.json	Victory (1 variant)	MineEmotes	3	53	true	none	2d2e1568-7e03-35e4-aa73-cf90f5f77c96	yes
bow2.json	Bow 2	KosmX/Emotecraft-emotes (CC0)	1	60	false	none	2a464cca-e0a2-3f5b-8bfd-cc01d6ad7437	no
campfire_sit1.json	Ground sit	KosmX/Emotecraft-emotes (CC0)	1	180	true	none	384d0929-af57-3aa7-b89f-21b50d43fa5c	no
club_penguin_dance.json	club penguin dance	KosmX/Emotecraft-emotes (CC0)	1	142	true	none	1f023b71-8ef6-33b6-8967-063d381ccc13	no
dab.json	Dab	KosmX/Emotecraft-emotes (CC0)	1	60	false	none	b231ceee-be4c-392a-a8c5-9b71e894ce0e	no
floss.json	The floss	KosmX/Emotecraft-emotes (CC0)	1	255	false	none	2c326362-a9ac-3dad-b68f-477d14085837	no
heart.json	Hand on heart	KosmX/Emotecraft-emotes (CC0)	1	60	true	none	17700fa9-16d2-35f8-820a-bb44f9a96e2a	no
hug.json	Hug	KosmX/Emotecraft-emotes (CC0)	1	60	true	none	6d16c9c6-e3ac-3cc8-af78-16cedaebd394	no
lay_down5.json	Lay down	KosmX/Emotecraft-emotes (CC0)	1	197	true	none	4fb5013d-f70d-32dc-87b8-4aa9d756b89d	no
nervous.json	Shy/Nervous	KosmX/Emotecraft-emotes (CC0)	1	20	true	none	65bf880e-faed-3b68-a529-5ba5b22d2dd3	no
orange justice.json	Orange Justice	KosmX/Emotecraft-emotes (CC0)	1	140	false	none	83b89681-beae-33d1-bb3c-6f47a2aaf667	no