13661	1521	SPE_Nice to sit.json	spemotes.emote.name.SPE_Nice_to_sit	Sit Adorably			56
7457	840	SPE_Helltaker.json	spemotes.emote.name.SPE_Helltaker	Hell Destroyer (Dance) (Multiverse) (Helltaker)			46
7189	952	SPE_Lying with your hands behind your head.json	spemotes.emote.name.SPE_Lying_with_your_hands_behind_your_head	Lie with hands behind a head			44
7151	462	SPE_Tverk.json	spemotes.emote.name.SPE_Tverk	Twerk (Dance)			194
6957	934	SPE_Lie on your stomach.json	spemotes.emote.name.SPE_Lie_on_your_stomach	Lay on your belly			129
6846	768	SPE_Walking head.json	spemotes.emote.name.SPE_Walking_head	The walking Head (Movement) 			275
6090	666	SPE_Torture crackdown.json	spemotes.emote.name.SPE_Torture_crackdown	Gang Torture Dance (Dance) (Multiverse) (JoJo)			225
4874	609	SPE_Hands behind.json	spemotes.emote.name.SPE_Hands_behind	Hands behind the back			11
4768	625	SPE_Sit by the fire.json	spemotes.emote.name.SPE_Sit_by_the_fire	Sitting by the campfire (Multiverse) (Dark Souls)			48
4668	577	SPE_Push-ups.json	spemotes.emote.name.SPE_Push-ups	Push-ups (Sport)			248
4468	683	SPE_Sit relaxed.json	spemotes.emote.name.SPE_Sit_relaxed	Sit relaxed			689
4388	496	SPE_Twist the sword.json	spemotes.emote.name.SPE_Twist_the_sword	Spin the sword			177
4217	549	SPE_To sit on the throne.json	spemotes.emote.name.SPE_To_sit_on_the_throne	Sit on the throne			688
3756	557	SPE_Vulgarity sit.json	spemotes.emote.name.SPE_Vulgarity_sit	Sit suggestively			642
3639	458	SPE_Bit Jock.json	spemotes.emote.name.SPE_Bit_Jock	Beat Jock (Multiverse) (Friday Night Funkin)			83
3145	364	SPE_Jojo-pose5.json	spemotes.emote.name.SPE_Jojo-pose5	Jotaro Kujo Pose (Multiverse) (JoJo)			442
3099	404	SPE_Flying on the sword.json	spemotes.emote.name.SPE_Flying_on_the_sword	Flying on the sword (Movement)			310
2965	348	SPE_Apologize on my knees.json	spemotes.emote.name.SPE_Apologize_on_my_knees	Apologize on your knees			526
2953	318	SPE_Lying sideways1.json	spemotes.emote.name.SPE_Lying_sideways1	Lie on the side (Left side)			53
2876	337	SPE_Pray.json	spemotes.emote.name.SPE_Pray	Pray			44
2577	366	SPE_Boring sit.json	spemotes.emote.name.SPE_Boring_sit	Bored sit			691
2477	351	SPE_Lean in front of the block.json	spemotes.emote.name.SPE_Lean_in_front_of_the_block	Lean on block			53
2476	204	SPE_JustDance.json	spemotes.emote.name.SPE_JustDance	Just Dance (Dance)			710
2435	298	SPE_to die by hitting the wall.json	spemotes.emote.name.SPE_to_die_by_hitting_the_wall	To die by hitting the wall			22
2422	285	SPE_NarutoRun.json	spemotes.emote.name.SPE_NarutoRun	Naruto Run (Movement) (Multiverse) (Naruto)			330
2412	387	SPE_Waltz1.json	spemotes.emote.name.SPE_Waltz1	Waltz (Dance) (1st Partner) (Paired emote)			182
2404	301	SPE_It's tragic to die.json	spemotes.emote.name.SPE_It's_tragic_to_die	Die dramatically			43
2394	397	SPE_Petting a dog.json	spemotes.emote.name.SPE_Petting_a_dog	Pet the pet			60
2275	310	SPE_Gangnam style2.json	spemotes.emote.name.SPE_Gangnam_style2	Gangnam Style (Full Dance)			274
2254	356	SPE_Waltz2.json	spemotes.emote.name.SPE_Waltz2	Waltz (Dance) (2nd Partner) (Paired emote)			181
2145	197	SPE_Fighting stance with swords.json	spemotes.emote.name.SPE_Fighting_stance_with_swords	Combat stance with a sword			356
2144	287	SPE_Sit elegantly.json	spemotes.emote.name.SPE_Sit_elegantly	Sit elegantly			28
2054	246	SPE_Kaoru Pose.json	spemotes.emote.name.SPE_Kaoru_Pose	Kaworu Pose (Multiverse) (Evangelion)			32
1958	231	SPE_Sit cross-legged.json	spemotes.emote.name.SPE_Sit_cross-legged	Sit with legs crossed			155
1938	250	SPE_Polite hello.json	spemotes.emote.name.SPE_Polite_hello	Formal greeting			221
1907	205	SPE_Sit with your hands back.json	spemotes.emote.name.SPE_Sit_with_your_hands_back	Sit with hands back			41
1901	208	SPE_Aski Pose.json	spemotes.emote.name.SPE_Aski_Pose	Asuka Pose (Multiverse) (Evangelion)			32
1881	222	SPE_Spider.json	spemotes.emote.name.SPE_Spider	The spider (Nightmares) (Movement) 			345
1847	219	SPE_Gait4.json	spemotes.emote.name.SPE_Gait4	Sluggish Walk (Movement)			538
1783	168	SPE_Doom.json	spemotes.emote.name.SPE_Doom	Doomed			47
1771	142	SPE_Hopelessness.json	spemotes.emote.name.SPE_Hopelessness	Hopelessly fall to the knees			82
1768	177	SPE_Tedious to sit.json	spemotes.emote.name.SPE_Tedious_to_sit	Tedious sit			31
1750	158	SPE_Chill to sit.json	spemotes.emote.name.SPE_Chill_to_sit	Chillin' out			68
1717	179	SPE_sit down like a boss.json	spemotes.emote.name.SPE_sit_down_like_a_boss	Sit like a boss			73
1697	184	SPE_Get on one knee.json	spemotes.emote.name.SPE_Get_on_one_knee	Kneel down on one knee			354
1672	219	SPE_Bow.json	spemotes.emote.name.SPE_Bow	Bow			83
1575	142	SPE_Embarrassing to sit.json	spemotes.emote.name.SPE_Embarrassing_to_sit	Embarrassed sit			52
1487	152	SPE_Jojo-pose8.json	spemotes.emote.name.SPE_Jojo-pose8	Dio Brando Pose (Multiverse) (JoJo)			57
1476	191	SPE_Think.json	spemotes.emote.name.SPE_Think	Thinking			10
1448	214	SPE_Writing a book.json	spemotes.emote.name.SPE_Writing_a_book	Writing			243
1401	145	SPE_Wait at the wall.json	spemotes.emote.name.SPE_Wait_at_the_wall	Wait at the wall			79
1389	125	SPE_Go crazy.json	spemotes.emote.name.SPE_Go_crazy	Go crazy			173
1365	133	SPE_Fighting pose with shild.json	spemotes.emote.name.SPE_Fighting_pose_with_shild	Combat shield stance			354
1334	136	SPE_Marie 's pose.json	spemotes.emote.name.SPE_Marie_'s_pose	Mari Pose (Multiverse) (Evangelion)			30
1278	85	SPE_Sit.json	spemotes.emote.name.SPE_Sit	To sit			7
1260	79	SPE_Lay.json	spemotes.emote.name.SPE_Lay	To lie down			14
1254	161	SPE_Walking head sit.json	spemotes.emote.name.SPE_Walking_head_sit	The walking head is sitting			291
1242	109	SPE_lying with your hands tied.json	spemotes.emote.name.SPE_lying_with_your_hands_tied	Lie down with your hands tied			71
1201	141	SPE_SadCat.json	spemotes.emote.name.SPE_SadCat	SadCat (Dance) (1 Variant)			411
1199	118	SPE_Dab.json	spemotes.emote.name.SPE_Dab	Dab			23
1189	85	SPE_Fold your hands in front of you.json	spemotes.emote.name.SPE_Fold_your_hands_in_front_of_you	Fold hands in front			12
1188	94	SPE_Sit with your hands on your knees.json	spemotes.emote.name.SPE_Sit_with_your_hands_on_your_knees	Sit with hands on knees			26
1179	90	SPE_Twisting.json	spemotes.emote.name.SPE_Twisting	Crunches (Sport)			33
1167	111	SPE_Lying sideways2.json	spemotes.emote.name.SPE_Lying_sideways2	Lie on the side (Right side)			53
1148	90	SPE_Cuddle.json	spemotes.emote.name.SPE_Cuddle	Hug (Paired emote)			42
1134	126	SPE_Hand on heart.json	spemotes.emote.name.SPE_Hand_on_heart	Hand over heart			9
1116	125	SPE_Consider the subject.json	spemotes.emote.name.SPE_Consider_the_subject	Inspect an item			32
1109	66	SPE_Sit with swords.json	spemotes.emote.name.SPE_Sit_with_swords	Sit with swords			109
1109	72	SPE_Worship.json	spemotes.emote.name.SPE_Worship	To bow			25
1107	140	SPE_Phit hon.json	spemotes.emote.name.SPE_Phit_hon	Phit Hon (Dance)			195
1100	88	SPE_Air kiss.json	spemotes.emote.name.SPE_Air_kiss	Blow kiss			299
1100	80	SPE_Fall drunk.json	spemotes.emote.name.SPE_Fall_drunk	Fall like a drunk			74
1094	70	SPE_Floss.json	spemotes.emote.name.SPE_Floss	Floss (Dance)			310
1082	81	SPE_Jumpstyle.json	spemotes.emote.name.SPE_Jumpstyle	Jumpstyle (Dance)			762
1079	100	SPE_Lean back on the block.json	spemotes.emote.name.SPE_Lean_back_on_the_block	Lean back against the block			42
1079	107	SPE_Slick Back.json	spemotes.emote.name.SPE_Slick_Back	Slick Back (Dance) (Movement)			256
1069	85	SPE_Jojo-pose7.json	spemotes.emote.name.SPE_Jojo-pose7	Jotaro Kujo Pose (Multiverse) (JoJo)			40
1065	90	SPE_Clap2.json	spemotes.emote.name.SPE_Clap2	Clap (Looping)			30
1064	82	SPE_Photogenic pose7.json	spemotes.emote.name.SPE_Photogenic_pose7	Photogenic pose (8 Variation)			29
1057	78	SPE_Crawl.json	spemotes.emote.name.SPE_Crawl	Crawl (Movement)			74
1041	107	SPE_Move your ass.json	spemotes.emote.name.SPE_Move_your_ass	Shake your ass (Dance)			186
1040	128	SPE_Jojo-pose3.json	spemotes.emote.name.SPE_Jojo-pose3	Killer Queen Pose (Multiverse) (JoJo)			352
1020	181	SPE_Explain something on the table.json	spemotes.emote.name.SPE_Explain_something_on_the_table	Explain something on table			65
1016	90	SPE_Modelpose6.json	spemotes.emote.name.SPE_Modelpose6	Model pose (7 Variant)			25
999	91	SPE_Cool Drink water.json	spemotes.emote.name.SPE_Cool_Drink_water	Drink water like badass			501
981	60	SPE_Shock.json	spemotes.emote.name.SPE_Shock	Shock			36
980	64	SPE_Die.json	spemotes.emote.name.SPE_Die	To die			40
975	160	SPE_Cry.json	spemotes.emote.name.SPE_Cry	Cry			554
973	97	SPE_UnknownWalk.json	spemotes.emote.name.SPE_UnknownWalk	Unknown Walk (Nightmares) (Movement)			139
971	86	SPE_To die with my arms crossed.json	spemotes.emote.name.SPE_To_die_with_my_arms_crossed	Die with arms crossed			18
964	80	SPE_The Gats Pose.json	spemotes.emote.name.SPE_The_Gats_Pose	Guts Pose (Multiverse) (Berserk)			46
963	87	SPE_Flight of Superman.json	spemotes.emote.name.SPE_Flight_of_Superman	Flight of Superman (Multiverse) (Movement) (DC)			151
951	87	SPE_Hello.json	spemotes.emote.name.SPE_Hello	Hello			247
946	59	SPE_Tumbler.json	spemotes.emote.name.SPE_Tumbler	Tumbler (Dance)			213
944	72	SPE_Lean with a straight hand against the wall.json	spemotes.emote.name.SPE_Lean_with_a_straight_hand_against_the_wall	Lean with a straight arm against the wall (Left hand)			40
927	64	SPE_Play the guitar slowly.json	spemotes.emote.name.SPE_Play_the_guitar_slowly	Play guitar slowly (KSEPSP)			213
914	67	SPE_Dance.json	spemotes.emote.name.SPE_Dance	Hand whirl dance (Dance)			602
914	49	SPE_sit2.json	spemotes.emote.name.SPE_sit2	Sit with arms crossed			38
912	137	SPE_Apologize.json	spemotes.emote.name.SPE_Apologize	Apologize			431
912	127	SPE_Fatigue.json	spemotes.emote.name.SPE_Fatigue	Fatigue			764
912	24	SPE_Shit.json	spemotes.emote.name.SPE_Shit	Poop			107
906	35	SPE_Photogenic pose.json	spemotes.emote.name.SPE_Photogenic_pose	Photogenic pose (1 Variation)			77
905	58	SPE_Sneak around.json	spemotes.emote.name.SPE_Sneak_around	To creep (Movement)			286
904	78	SPE_Teleportation Tracer.json	spemotes.emote.name.SPE_Teleportation_Tracer	Tracer Teleportation (Multiverse) (Overwatch)			93
901	115	SPE_Take offence.json	spemotes.emote.name.SPE_Take_offence	Take offense			258
897	95	SPE_Jojo-pose1.json	spemotes.emote.name.SPE_Jojo-pose1	Jonathan Joestar Pose (Multiverse) (JoJo)			354
887	43	SPE_Slip up.json	spemotes.emote.name.SPE_Slip_up	Slip up			153
880	67	SPE_Fighting pose with a bow.json	spemotes.emote.name.SPE_Fighting_pose_with_a_bow	Archery stance			354
878	69	SPE_Lean your elbow on the wall.json	spemotes.emote.name.SPE_Lean_your_elbow_on_the_wall	Lean elbow on the wall (Right hand)			38
875	51	SPE_Hugs.json	spemotes.emote.name.SPE_Hugs	Embrace while sitting (Paired emote)			59
869	66	SPE_Holding hands1.json	spemotes.emote.name.SPE_Holding_hands1	Holding hands (Right hand) (Paired emote)			4
868	67	SPE_Sasuke 's pose.json	spemotes.emote.name.SPE_Sasuke_'s_pose	Sasuke Pose (Multiverse) (Naruto)			26
868	61	SPE_Shaolin.json	spemotes.emote.name.SPE_Shaolin	Shaolin			58
865	64	SPE_Cross out the throat.json	spemotes.emote.name.SPE_Cross_out_the_throat	Throat-slitting gesture			291
865	134	SPE_Sleep.json	spemotes.emote.name.SPE_Sleep	Sleep			165
864	113	SPE_Tilt Head.json	spemotes.emote.name.SPE_Tilt_Head	Tilt head			62
859	62	SPE_Lean your hand on the block.json	spemotes.emote.name.SPE_Lean_your_hand_on_the_block	Lean elbow on the block (Left hand)			37
855	60	SPE_Ayanami Rei Pose.json	spemotes.emote.name.SPE_Ayanami_Rei_Pose	Rei Ayanami Pose (Multiverse) (Evangelion)			29
854	37	SPE_Slam.json	spemotes.emote.name.SPE_Slam	Slam			247
850	65	SPE_Foot tapping.json	spemotes.emote.name.SPE_Foot_tapping	Foot Tapping (Dance)			326
849	60	SPE_Holding hands.json	spemotes.emote.name.SPE_Holding_hands	Holding hands (Left hand) (Paired emote)			4
846	64	SPE_Quick break.json	spemotes.emote.name.SPE_Quick_break	Quick break (Dance)			189
843	57	SPE_Photogenic pose1.json	spemotes.emote.name.SPE_Photogenic_pose1	Photogenic pose (2 Variation)			33
840	67	SPE_Lezginka.json	spemotes.emote.name.SPE_Lezginka	Lezginka (Dance)			450
840	13	SPE_Pee.json	spemotes.emote.name.SPE_Pee	Pee			173
836	53	SPE_Photogenic pose3.json	spemotes.emote.name.SPE_Photogenic_pose3	Photogenic pose (4 Variation)			28
831	47	SPE_Do artificial respiration.json	spemotes.emote.name.SPE_Do_artificial_respiration	Perform CPR			182
830	37	SPE_Sit down like a genius.json	spemotes.emote.name.SPE_Sit_down_like_a_genius	Sit like a genius			51
829	35	SPE_Kneel down.json	spemotes.emote.name.SPE_Kneel_down	Kneel down			16
826	38	SPE_Hype.json	spemotes.emote.name.SPE_Hype	Hype (Dance)			599
812	46	SPE_Swing the sword.json	spemotes.emote.name.SPE_Swing_the_sword	Swing a sword			345
810	42	SPE_Gopnik.json	spemotes.emote.name.SPE_Gopnik	Sit like a gangster			708
809	21	SPE_Get scared.json	spemotes.emote.name.SPE_Get_scared	Get scared			153
808	27	SPE_Flying face down.json	spemotes.emote.name.SPE_Flying_face_down	Face-down flight			111
806	83	SPE_Caramel.json	spemotes.emote.name.SPE_Caramel	Caramel (Dance)			150
806	37	SPE_I lean against the wall to smoke.json	spemotes.emote.name.SPE_I_lean_against_the_wall_to_smoke	Smoking while leaning against the wall			34
804	63	SPE_Shrug your shoulders.json	spemotes.emote.name.SPE_Shrug_your_shoulders	Shrug shoulders			4
790	26	SPE_Photogenic pose6.json	spemotes.emote.name.SPE_Photogenic_pose6	Photogenic pose (7 Variation)			36
787	63	SPE_Reigen 's Arataka Pose.json	spemotes.emote.name.SPE_Reigen_'s_Arataka_Pose	Arataka Reigen Pose (Multiverse) (Mob Psycho 100)			34
784	152	SPE_Say so.json	spemotes.emote.name.SPE_Say_so	Say So (Dance)			404
780	52	SPE_Laugh.json	spemotes.emote.name.SPE_Laugh	To laugh			17
779	25	SPE_Strike with a sword1.json	spemotes.emote.name.SPE_Strike_with_a_sword1	Strike with a sword (1 Variation)			71
778	29	SPE_Handshake.json	spemotes.emote.name.SPE_Handshake	Handshake (Paired emote)			76
770	134	SPE_Worried about sitting.json	spemotes.emote.name.SPE_Worried_about_sitting	Nervous Sit			57
764	24	SPE_Play the guitar vigorously.json	spemotes.emote.name.SPE_Play_the_guitar_vigorously	Rock out on the guitar (KSEPSP)			281
763	88	SPE_Spider-Man Pose1.json	spemotes.emote.name.SPE_Spider-Man_Pose1	Spider-Man Pose (2 Variant) (Multiverse) (Marvel)			58
761	20	SPE_Expectation.json	spemotes.emote.name.SPE_Expectation	Waiting			414
761	48	SPE_Sit thoughtfully.json	spemotes.emote.name.SPE_Sit_thoughtfully	Sit deep in thought (Straight legs)			46
758	132	SPE_Lying in a boat.json	spemotes.emote.name.SPE_Lying_in_a_boat	Lying in a Boat (Nature)			67
756	43	SPE_To smoke.json	spemotes.emote.name.SPE_To_smoke	To smoke			22
755	94	SPE_Walking Head run.json	spemotes.emote.name.SPE_Walking_Head_run	Running of the walking head (Movement) 			332
753	36	SPE_Poke.json	spemotes.emote.name.SPE_Poke	Poke			23
752	17	SPE_Photogenic pose4.json	spemotes.emote.name.SPE_Photogenic_pose4	Photogenic pose (5 Variation)			29
752	13	SPE_Stand under substances.json	spemotes.emote.name.SPE_Stand_under_substances	Junkie stand			31
752	30	SPE_Strike with a sword3.json	spemotes.emote.name.SPE_Strike_with_a_sword3	Strike with a sword (3 Variation)			38
749	32	SPE_Fighting pose.json	spemotes.emote.name.SPE_Fighting_pose	Combat stance			619
749	24	SPE_Jump to the floor.json	spemotes.emote.name.SPE_Jump_to_the_floor	Drop to the floor			55
749	22	SPE_Photogenic pose8.json	spemotes.emote.name.SPE_Photogenic_pose8	Photogenic pose (9 Variation)			29
748	28	SPE_Strike with a sword2.json	spemotes.emote.name.SPE_Strike_with_a_sword2	Strike with a sword (2 Variation)			40
747	60	SPE_Facepalm.json	spemotes.emote.name.SPE_Facepalm	Facepalm			53
746	72	SPE_Shuffle.json	spemotes.emote.name.SPE_Shuffle	Shuffle (Dance)			642
744	29	SPE_Cross from left to right.json	spemotes.emote.name.SPE_Cross_from_left_to_right	Cross yourself (Left to Right)			15
744	13	SPE_Photogenic pose5.json	spemotes.emote.name.SPE_Photogenic_pose5	Photogenic pose (6 Variation)			32
738	71	SPE_Boogie down.json	spemotes.emote.name.SPE_Boogie_down	Boogie Down (Dance)			726
737	38	SPE_Naruto Pose.json	spemotes.emote.name.SPE_Naruto_Pose	Naruto Pose (Multiverse) (Naruto)			26
735	14	SPE_Cross from right to left.json	spemotes.emote.name.SPE_Cross_from_right_to_left	Cross yourself (Right to Left)			15
732	19	SPE_Delight.json	spemotes.emote.name.SPE_Delight	Delight			179
732	10	SPE_Imagine sitting down to work.json	spemotes.emote.name.SPE_Imagine_sitting_down_to_work	Sit and pretend to work			138
728	32	SPE_Run.json	spemotes.emote.name.SPE_Run	Running (Movement)			247
726	44	SPE_Lean your hand on the block1.json	spemotes.emote.name.SPE_Lean_your_hand_on_the_block1	Lean elbow on the block (Right hand)			37
725	38	SPE_Lean your elbow on the wall1.json	spemotes.emote.name.SPE_Lean_your_elbow_on_the_wall1	Lean elbow on the wall (Left hand)			38
724	12	SPE_Clap1.json	spemotes.emote.name.SPE_Clap1	Clap (One-time)			30
723	13	SPE_Gun Trick.json	spemotes.emote.name.SPE_Gun_Trick	Weapon trick (KSEPSP)			64
721	14	SPE_Extend your arms forward.json	spemotes.emote.name.SPE_Extend_your_arms_forward	Extend arms forward			18
720	7	SPE_Keep the safety on the weapon.json	spemotes.emote.name.SPE_Keep_the_safety_on_the_weapon	Keep the safety on the weapon (KSEPSP)			11
720	34	SPE_Salute.json	spemotes.emote.name.SPE_Salute	Salute (1 Variant)			15
712	24	SPE_Twine.json	spemotes.emote.name.SPE_Twine	Split (Sport)			60
710	27	SPE_No.json	spemotes.emote.name.SPE_No	No			5
706	27	SPE_View flowers.json	spemotes.emote.name.SPE_View_flowers	Looking at flowers (Nature)			52
701	10	SPE_Point with your left hand.json	spemotes.emote.name.SPE_Point_with_your_left_hand	Point with left hand			5
701	18	SPE_Swim.json	spemotes.emote.name.SPE_Swim	To swim (Movement)			278
700	41	SPE_Gait2.json	spemotes.emote.name.SPE_Gait2	Cheerful walk (Movement)			529
699	12	SPE_Shoot a bow.json	spemotes.emote.name.SPE_Shoot_a_bow	Shoot a bow (1 Variation)			92
694	17	SPE_Shoot a bow1.json	spemotes.emote.name.SPE_Shoot_a_bow1	Shoot a bow (2 Variation)			46
692	7	SPE_Bask by the fire.json	spemotes.emote.name.SPE_Bask_by_the_fire	Bask by the fire			53
692	37	SPE_Hold.json	spemotes.emote.name.SPE_Hold	Hand an item			9
691	71	SPE_Bunny.json	spemotes.emote.name.SPE_Bunny	Bunny (Dance)			256
691	6	SPE_Reload your weapon.json	spemotes.emote.name.SPE_Reload_your_weapon	Reload a weapon (KSEPSP)			171
691	14	SPE_Shoot a bow2.json	spemotes.emote.name.SPE_Shoot_a_bow2	Shoot a bow (3 Variation)			66
686	61	SPE_Requiem.json	spemotes.emote.name.SPE_Requiem	Requiem (Dance)			772
685	11	SPE_Pistol pirouette.json	spemotes.emote.name.SPE_Pistol_pirouette	Pistol pirouette (KSEPSP)			169
684	6	SPE_Photogenic pose2.json	spemotes.emote.name.SPE_Photogenic_pose2	Photogenic pose (3 Variation)			27
683	32	SPE_Be_ashamed.json	spemotes.emote.name.SPE_Be_ashamed	Be ashamed			23
682	46	SPE_Talking at the bar.json	spemotes.emote.name.SPE_Talking_at_the_bar	Talking at the bar			46
681	29	SPE_Drink some water.json	spemotes.emote.name.SPE_Drink_some_water	Drink water			68
678	60	SPE_Beyond the way.json	spemotes.emote.name.SPE_Beyond_the_way	Beyond the way (Dance)			577
678	20	SPE_Yes.json	spemotes.emote.name.SPE_Yes	Yes			6
667	5	SPE_Jump.json	spemotes.emote.name.SPE_Jump	Jump			60
665	33	SPE_Lean with a straight hand against the wall1.json	spemotes.emote.name.SPE_Lean_with_a_straight_hand_against_the_wall1	Lean with a straight arm against the wall (Right hand)			40
664	29	SPE_Forge.json	spemotes.emote.name.SPE_Forge	To forge			48
664	56	SPE_On the floor.json	spemotes.emote.name.SPE_On_the_floor	On the floor (Dance)			771
660	27	SPE_Hands on the belt.json	spemotes.emote.name.SPE_Hands_on_the_belt	Arms akimbo			17
659	18	SPE_Sit thoughtfully1.json	spemotes.emote.name.SPE_Sit_thoughtfully1	Sit deep in thought (Bend legs)			46
658	34	SPE_Dance of the Fire God.json	spemotes.emote.name.SPE_Dance_of_the_Fire_God	Dance of the Fire God (Multiverse) (Demon Slayer)			88
654	16	SPE_Strange Dance.json	spemotes.emote.name.SPE_Strange_Dance	Weird dance (Dance)			100
649	32	SPE_Tadam1.json	spemotes.emote.name.SPE_Tadam1	Ta-da! (2 Variant)			49
647	17	SPE_Point out.json	spemotes.emote.name.SPE_Point_out	Point out			7
646	14	SPE_Sing into the microphone.json	spemotes.emote.name.SPE_Sing_into_the_microphone	Sing into the mic			714
645	36	SPE_Kakashi Pose.json	spemotes.emote.name.SPE_Kakashi_Pose	Kakashi Pose (Multiverse) (Naruto)			25
643	20	SPE_Kneel down with your hands back.json	spemotes.emote.name.SPE_Kneel_down_with_your_hands_back	Kneel down with the hands back			27
642	29	SPE_Talking.json	spemotes.emote.name.SPE_Talking	Talking quietly			620
641	96	SPE_Lose consciousness.json	spemotes.emote.name.SPE_Lose_consciousness	Lose consciousness (Nightmares)			416
641	102	SPE_Wash your hands.json	spemotes.emote.name.SPE_Wash_your_hands	Wash your hands			90
638	12	SPE_Fear.json	spemotes.emote.name.SPE_Fear	Fear			139
636	14	SPE_Talking on a phone.json	spemotes.emote.name.SPE_Talking_on_a_phone	Talking on the phone			403
635	17	SPE_Hold the microphone.json	spemotes.emote.name.SPE_Hold_the_microphone	Hold a mic			5
633	15	SPE_Gait5.json	spemotes.emote.name.SPE_Gait5	Trembling walk (Movement)			237
633	21	SPE_Get Griddy.json	spemotes.emote.name.SPE_Get_Griddy	Get Griddy (Dance)			768
633	32	SPE_Sakura Pose.json	spemotes.emote.name.SPE_Sakura_Pose	Sakura Pose (Multiverse) (Naruto)			27
631	16	SPE_Gait3.json	spemotes.emote.name.SPE_Gait3	Timid walk (Movement)			565
630	13	SPE_Jump on the spot.json	spemotes.emote.name.SPE_Jump_on_the_spot	Spot jumping (Sport)			55
629	20	SPE_Gait1.json	spemotes.emote.name.SPE_Gait1	Default walk (Movement)			452
629	20	SPE_Talking2.json	spemotes.emote.name.SPE_Talking2	Talking viciously			620
629	14	SPE_Waiting for the race.json	spemotes.emote.name.SPE_Waiting_for_the_race	Ready to run			42
627	15	SPE_Typing on the keyboard.json	spemotes.emote.name.SPE_Typing_on_the_keyboard	Typing on the keyboard			47
626	18	SPE_Talking1.json	spemotes.emote.name.SPE_Talking1	Talking			691
626	16	SPE_Wave your hand.json	spemotes.emote.name.SPE_Wave_your_hand	Wave a hand			74
625	9	SPE_Dance2.json	spemotes.emote.name.SPE_Dance2	Head-on tornado (Dance)			168
622	66	SPE_Vampire.json	spemotes.emote.name.SPE_Vampire	Vampire (Dance)			712
620	6	SPE_Shrug your shoulders1.json	spemotes.emote.name.SPE_Shrug_your_shoulders1	Shrug your shoulders (Dance)			186
619	17	SPE_Send.json	spemotes.emote.name.SPE_Send	Send someone to hell			10
615	17	SPE_Stomach pain.json	spemotes.emote.name.SPE_Stomach_pain	Stomachache			619
614	11	SPE_Successful pose.json	spemotes.emote.name.SPE_Successful_pose	Lucky pose			40
607	9	SPE_Dance1.json	spemotes.emote.name.SPE_Dance1	Hands on vacation (Dance)			177
607	3	SPE_Malicious refusal.json	spemotes.emote.name.SPE_Malicious_refusal	Angry rejection			40
607	19	SPE_Sneeze.json	spemotes.emote.name.SPE_Sneeze	To sneeze			28
606	12	SPE_Hold the microphone1.json	spemotes.emote.name.SPE_Hold_the_microphone1	Hold a mic with both hands			9
604	81	SPE_Headphones.json	spemotes.emote.name.SPE_Headphones	Headphones (Dance)			83
603	12	SPE_Hands_up.json	spemotes.emote.name.SPE_Hands_up	Hands up			11
601	14	SPE_crouch.json	spemotes.emote.name.SPE_crouch	Squats (Sport)			141
597	9	SPE_Give it here.json	spemotes.emote.name.SPE_Give_it_here	Beckon			273
597	8	SPE_Modelpose3.json	spemotes.emote.name.SPE_Modelpose3	Model pose (4 Variant)			27
595	5	SPE_Selfie.json	spemotes.emote.name.SPE_Selfie	Selfie			13
593	11	SPE_Bandage hand.json	spemotes.emote.name.SPE_Bandage_hand	Bandage an arm			486
591	21	SPE_Shinji Pose.json	spemotes.emote.name.SPE_Shinji_Pose	Shinji Pose (Multiverse) (Evangelion)			32
586	7	SPE_Modelpose5.json	spemotes.emote.name.SPE_Modelpose5	Model pose (6 Variant)			21
585	6	SPE_Modelpose7.json	spemotes.emote.name.SPE_Modelpose7	Model pose (8 Variant)			38
585	5	SPE_t-pose.json	spemotes.emote.name.SPE_t-pose	T-pose			11
583	10	SPE_modelpose2.json	spemotes.emote.name.SPE_modelpose2	Model pose (3 Variant)			24
583	56	SPE_SadCat1.json	spemotes.emote.name.SPE_SadCat1	SadCat (Dance) (2 Variant)			435
580	8	SPE_Finishing.json	spemotes.emote.name.SPE_Finishing	Finisher			716
580	5	SPE_Modelpose1.json	spemotes.emote.name.SPE_Modelpose1	Model pose (2 Variant)			26
580	5	SPE_Modelpose4.json	spemotes.emote.name.SPE_Modelpose4	Model pose (5 Variant)			27
580	5	SPE_Search.json	spemotes.emote.name.SPE_Search	Search in the pile			108
579	7	SPE_Lublin.json	spemotes.emote.name.SPE_Lublin	Duck walk (Movement)			65
579	4	SPE_Salute1.json	spemotes.emote.name.SPE_Salute1	Salute (2 Variant)			39
578	8	SPE_ModelPose.json	spemotes.emote.name.SPE_ModelPose	Model pose (1 Variant)			24
578	7	SPE_Rock Paper Scissors.json	spemotes.emote.name.SPE_Rock_Paper_Scissors	Rock, paper, scissors			23
578	5	SPE_Tadam.json	spemotes.emote.name.SPE_Tadam	Ta-da! (1 Variant)			30
575	4	SPE_Outrage.json	spemotes.emote.name.SPE_Outrage	Outrage			583
575	3	SPE_Pinched back.json	spemotes.emote.name.SPE_Pinched_back	Pinched back			54
570	4	SPE_Modelpose8.json	spemotes.emote.name.SPE_Modelpose8	Model pose (9 Variant)			36
568	15	SPE_Boyfriend Singing.json	spemotes.emote.name.SPE_Boyfriend_Singing	Boyfriend Singing (Multiverse) (Friday Night Funkin)			86
568	2	SPE_Strange to shoot.json	spemotes.emote.name.SPE_Strange_to_shoot	To shoot weirdly			93
568	42	SPE_Super shy.json	spemotes.emote.name.SPE_Super_shy	Super shy (Dance)			665
566	1	SPE_look through a magnifying glass.json	spemotes.emote.name.SPE_look_through_a_magnifying_glass	Looking through a magnifier			593
559	77	SPE_Be sad.json	spemotes.emote.name.SPE_Be_sad	Be sad			708
558	16	SPE_Shadow Cloning Technique.json	spemotes.emote.name.SPE_Shadow_Cloning_Technique	Shadow Clone Technique (Multiverse) (Naruto)			61
547	54	SPE_Stylish pose6.json	spemotes.emote.name.SPE_Stylish_pose6	Stylish pose (6 Variation)			500
544	73	SPE_Sheep Ritual.json	spemotes.emote.name.SPE_Sheep_Ritual	Sheep Ritual (Dance) (Multiverse) (Cult Of The Lamb)			505
520	11	SPE_Waiting for a Boyfriend.json	spemotes.emote.name.SPE_Waiting_for_a_Boyfriend	Boyfriend Idle (Multiverse) (Friday Night Funkin)			29
518	13	SPE_Levitation of the mob.json	spemotes.emote.name.SPE_Levitation_of_the_mob	Mob Levitation (Multiverse) (Mob Psycho 100)			63
516	64	SPE_The Harley Quinn Pose.json	spemotes.emote.name.SPE_The_Harley_Quinn_Pose	Harley Quinn Pose (Multiverse) (Marvel)			442
514	57	SPE_Gangnam style1.json	spemotes.emote.name.SPE_Gangnam_style1	Gangnam Style (Cycle Dance)			82
512	75	SPE_Oddloop.json	spemotes.emote.name.SPE_Oddloop	Oddloop (Dance)			558
506	63	SPE_Sleeping standing up.json	spemotes.emote.name.SPE_Sleeping_standing_up	Sleep while standing			577
502	28	SPE_Popular Vibe.json	spemotes.emote.name.SPE_Popular_Vibe	Popular vibe (Dance)			797
498	6	SPE_Pico Singing.json	spemotes.emote.name.SPE_Pico_Singing	Pico Singing (Multiverse) (Friday Night Funkin)			84
498	8	SPE_Shigeo Kageyama Pose.json	spemotes.emote.name.SPE_Shigeo_Kageyama_Pose	Shigeo Kageyama Pose  (Multiverse) (Mob Psycho 100)			26
497	51	SPE_Doll.json	spemotes.emote.name.SPE_Doll	Doll (Dance)			213
493	7	SPE_Waiting for Pico.json	spemotes.emote.name.SPE_Waiting_for_Pico	Pico Idle (Multiverse) (Friday Night Funkin)			28
491	55	SPE_Pull - ups.json	spemotes.emote.name.SPE_Pull_-_ups	Pull-ups (Sport)			98
490	47	SPE_Pearl.json	spemotes.emote.name.SPE_Pearl	Pearl (Dance)			671
485	77	SPE_Witch Pose.json	spemotes.emote.name.SPE_Witch_Pose	The Witch's Pose (Nightmares)			670
482	33	SPE_Fast Forward.json	spemotes.emote.name.SPE_Fast_Forward	Fast Forward (Dance)			780
477	26	SPE_Ashi.json	spemotes.emote.name.SPE_Ashi	Ashi (Dance)			574
474	78	SPE_Corps de Ballet.json	spemotes.emote.name.SPE_Corps_de_Ballet	Corps de ballet (Dance) (Movement)			437
473	60	SPE_Luffy Stand.json	spemotes.emote.name.SPE_Luffy_Stand	Luffy Stand (Multiverse) (One Piece)			31
471	62	SPE_Romantic Sit.json	spemotes.emote.name.SPE_Romantic_Sit	It's romantic to sit			758
454	61	SPE_Pomegranate.json	spemotes.emote.name.SPE_Pomegranate	Garnet (Multiverse) (Dance) (Stiven Universe)			109
444	46	SPE_Be shy.json	spemotes.emote.name.SPE_Be_shy	Be shy			99
427	23	SPE_EgoRock.json	spemotes.emote.name.SPE_EgoRock	EgoRock (Dance)			774
426	44	SPE_Ballet.json	spemotes.emote.name.SPE_Ballet	Ballet (Dance)			728
420	32	SPE_Walking head lay.json	spemotes.emote.name.SPE_Walking_head_lay	The walking head is lying			58
418	34	SPE_Internet.json	spemotes.emote.name.SPE_Internet	Internet (Dance)			257
418	86	SPE_Lying in a trolley.json	spemotes.emote.name.SPE_Lying_in_a_trolley	Lying in a Trolley (Nature)			72
416	47	SPE_Heart1.json	spemotes.emote.name.SPE_Heart1	Heart (Right side) (Paired emote)			525
414	27	SPE_Spider-Man Pose.json	spemotes.emote.name.SPE_Spider-Man_Pose	Spider-Man Pose (1 Variant) (Multiverse) (Marvel)			43
409	62	SPE_Read a book sitting down.json	spemotes.emote.name.SPE_Read_a_book_sitting_down	Read a Book Sitting			84
408	49	SPE_Pose with a cane1.json	spemotes.emote.name.SPE_Pose_with_a_cane1	Pose with a Сane (KSEPSP) (1 Variant)			48
408	21	SPE_Seven.json	spemotes.emote.name.SPE_Seven	Seven (Dance)			516
408	27	SPE_Stylish pose2.json	spemotes.emote.name.SPE_Stylish_pose2	Stylish pose (2 Variation)			526
404	24	SPE_Domino.json	spemotes.emote.name.SPE_Domino	Domino (Dance)			757
401	82	SPE_Wounded gait.json	spemotes.emote.name.SPE_Wounded_gait	Wounded gait (Movement)			259
398	29	SPE_Idol.json	spemotes.emote.name.SPE_Idol	Idol (Dance)			877
397	34	SPE_Giorno giovanna pose.json	spemotes.emote.name.SPE_Giorno_giovanna_pose	Giorno Giovanna Pose (Multiverse) (JoJo)			32
397	42	SPE_Jojo-pose6.json	spemotes.emote.name.SPE_Jojo-pose6	Jolyne Kuujou Pose (Multiverse) (JoJo)			353
397	22	SPE_Walking Head Somersault.json	spemotes.emote.name.SPE_Walking_Head_Somersault	The Walking Head Somersault (Movement) 			92
395	39	SPE_Heart2.json	spemotes.emote.name.SPE_Heart2	Heart (Left side) (Paired emote)			511
392	42	SPE_Jojo-pose2.json	spemotes.emote.name.SPE_Jojo-pose2	Giorno Giovanna Pose (Multiverse) (JoJo)			352
392	50	SPE_Vindictive pose.json	spemotes.emote.name.SPE_Vindictive_pose	Vengeful Pose			47
389	38	SPE_To die in one place.json	spemotes.emote.name.SPE_To_die_in_one_place	Die on the spot			123
388	21	SPE_Mystery.json	spemotes.emote.name.SPE_Mystery	Mysteria (Dance)			714
385	37	SPE_Walking Head dance.json	spemotes.emote.name.SPE_Walking_Head_dance	The Walking Head Dance (Dance)			223
383	36	SPE_Riding a horse with a sword.json	spemotes.emote.name.SPE_Riding_a_horse_with_a_sword	Riding a horse with a sword (Multiverse) (Movement) ((Nature) (The Witcher)			150
382	27	SPE_Stand with a heavy sword3.json	spemotes.emote.name.SPE_Stand_with_a_heavy_sword3	Heavy sword stance (3 Variation) (KSEPSP)			583
379	23	SPE_Jerk1.json	spemotes.emote.name.SPE_Jerk1	Jerk (Dance)			221
377	41	SPE_Stylish pose9.json	spemotes.emote.name.SPE_Stylish_pose9	Stylish pose (9 Variation)			500
375	52	SPE_Obi-Van Stand.json	spemotes.emote.name.SPE_Obi-Van_Stand	Obi-Wan Kenobi Stand (Multiverse) (Star Wars)			106
372	64	SPE_Luck.json	spemotes.emote.name.SPE_Luck	Luck (Dance)			292
365	47	SPE_Misunderstanding.json	spemotes.emote.name.SPE_Misunderstanding	Incomprehension			185
365	70	SPE_Rasputin.json	spemotes.emote.name.SPE_Rasputin	Rasputin (Dance)			37
362	22	SPE_Stand with a heavy sword1.json	spemotes.emote.name.SPE_Stand_with_a_heavy_sword1	Heavy sword stance (1 Variation) (KSEPSP)			583
360	51	SPE_Rhythmic jock.json	spemotes.emote.name.SPE_Rhythmic_jock	Rhythmic sway			538
359	24	SPE_Egoist.json	spemotes.emote.name.SPE_Egoist	Egoist (Dance)			728
359	72	SPE_Hopeless to sit.json	spemotes.emote.name.SPE_Hopeless_to_sit	Sit hopelessly			30
359	42	SPE_Sailor Moon Pose.json	spemotes.emote.name.SPE_Sailor_Moon_Pose	Sailor Moon Pose (Multiverse) (Sailor Moon)			32
358	42	SPE_Rickroll.json	spemotes.emote.name.SPE_Rickroll	Rickroll (Dance)			178
357	14	SPE_Plus Boy.json	spemotes.emote.name.SPE_Plus_Boy	Plus Boy (Dance)			692
354	60	SPE_FearFall.json	spemotes.emote.name.SPE_FearFall	Fell in Fear (Nightmares)			576
354	8	SPE_Stand with a katana3.json	spemotes.emote.name.SPE_Stand_with_a_katana3	Katana stance (3 Variation) (KSEPSP)			518
353	18	SPE_Nostalgia.json	spemotes.emote.name.SPE_Nostalgia	Nostalgia (Dance)			649
347	15	SPE_Bitter Choco Decoration.json	spemotes.emote.name.SPE_Bitter_Choco_Decoration	Choco Decoration (Dance)			667
342	13	SPE_Boy With Luv.json	spemotes.emote.name.SPE_Boy_With_Luv	Boy With Luv (Dance)			667
342	15	SPE_Sitting down to play the guitar.json	spemotes.emote.name.SPE_Sitting_down_to_play_the_guitar	Sit and play guitar (KSEPSP)			727
340	43	SPE_WednesdayDance.json	spemotes.emote.name.SPE_WednesdayDance	Wednesday Dance (Nightmares) (Dance)			606
339	33	SPE_It's time to shift.json	spemotes.emote.name.SPE_It's_time_to_shift	Get Schwifty (Multiverse) (Rick and Morty)			116
337	62	SPE_Shake the dust.json	spemotes.emote.name.SPE_Shake_the_dust	Shake the dust off			81
336	30	SPE_To die with a bounce.json	spemotes.emote.name.SPE_To_die_with_a_bounce	Die with a bounce			115
333	17	SPE_Fall like a soldier.json	spemotes.emote.name.SPE_Fall_like_a_soldier	Fall like a soldier			47
333	13	SPE_Stand with a heavy sword2.json	spemotes.emote.name.SPE_Stand_with_a_heavy_sword2	Heavy sword stance (2 Variation) (KSEPSP)			516
328	53	SPE_GhostFaceWalk.json	spemotes.emote.name.SPE_GhostFaceWalk	Ghostface Walk (Nightmares) (Movement)			200
328	27	SPE_Stylish pose4.json	spemotes.emote.name.SPE_Stylish_pose4	Stylish pose (4 Variation)			511
324	13	SPE_Envy Baby.json	spemotes.emote.name.SPE_Envy_Baby	Envy Baby (Dance)			692
324	52	SPE_Suicide.json	spemotes.emote.name.SPE_Suicide	Suicide (Nightmares)			318
320	18	SPE_Heavy blow of the stand.json	spemotes.emote.name.SPE_Heavy_blow_of_the_stand	Heavy blow of the stand (Multiverse) (JoJo)			256
318	25	SPE_Stylish pose8.json	spemotes.emote.name.SPE_Stylish_pose8	Stylish pose (8 Variation)			512
317	35	SPE_Battle stance tanks.json	spemotes.emote.name.SPE_Battle_stance_tanks	Baki fighting stance (Multiverse) (Baki the Grappler)			84
317	22	SPE_Scratching head.json	spemotes.emote.name.SPE_Scratching_head	Scratching head			375
315	21	SPE_Rhythmic guitar playing.json	spemotes.emote.name.SPE_Rhythmic_guitar_playing	Play the guitar rhythmically (KSEPSP)			566
314	18	SPE_Spear strike2.json	spemotes.emote.name.SPE_Spear_strike2	Spear strike (2 Variation) (KSEPSP)			219
314	49	SPE_The Deadly Leg.json	spemotes.emote.name.SPE_The_Deadly_Leg	Deadly Leg (Multiverse) (Street Fighter)			174
312	44	SPE_Cough.json	spemotes.emote.name.SPE_Cough	Cough			77
307	17	SPE_Spear Stand1.json	spemotes.emote.name.SPE_Spear_Stand1	Spear stance (1 Variation) (KSEPSP)			570
307	14	SPE_Stylish pose7.json	spemotes.emote.name.SPE_Stylish_pose7	Stylish pose (7 Variation)			500
305	15	SPE_Spear Stand2.json	spemotes.emote.name.SPE_Spear_Stand2	Spear stance (2 Variation) (KSEPSP)			503
303	26	SPE_A terrible laugh.json	spemotes.emote.name.SPE_A_terrible_laugh	Creepy laugh			576
300	15	SPE_Spear Stand3.json	spemotes.emote.name.SPE_Spear_Stand3	Spear stance (3 Variation) (KSEPSP)			594
294	19	SPE_Sing slowly into the microphone.json	spemotes.emote.name.SPE_Sing_slowly_into_the_microphone	Sing slowly into the microphone			718
289	4	SPE_Solo.json	spemotes.emote.name.SPE_Solo	Solo (Dance)			506
288	20	SPE_Imagine working standing up.json	spemotes.emote.name.SPE_Imagine_working_standing_up	Stand and pretend to work			577
288	34	SPE_Wash up.json	spemotes.emote.name.SPE_Wash_up	Wash up			164
282	20	SPE_Stylish pose3.json	spemotes.emote.name.SPE_Stylish_pose3	Stylish pose (3 Variation)			529
281	51	SPE_Hide.json	spemotes.emote.name.SPE_Hide	Hide			682
281	57	SPE_HuntressWalk.json	spemotes.emote.name.SPE_HuntressWalk	Huntress Walk (Nightmares) (Movement)			167
281	31	SPE_Nausea.json	spemotes.emote.name.SPE_Nausea	Nausea			578
280	10	SPE_A blow with a heavy sword3.json	spemotes.emote.name.SPE_A_blow_with_a_heavy_sword3	Heavy sword strike (3 Variation) (KSEPSP)			198
278	6	SPE_DJ.json	spemotes.emote.name.SPE_DJ	DJ			610
278	37	SPE_Eat food2.json	spemotes.emote.name.SPE_Eat_food2	Eating While Sitting (KSEPSP)			73
278	8	SPE_Katana strike2.json	spemotes.emote.name.SPE_Katana_strike2	Katana strike (2 Variation) (KSEPSP)			197
277	49	SPE_Lifting the legs lying down.json	spemotes.emote.name.SPE_Lifting_the_legs_lying_down	Lifting the legs lying down (Sport)			56
276	40	SPE_Ankha Dance.json	spemotes.emote.name.SPE_Ankha_Dance	Ankha Dance (Dance) (Multiverse) (Animal Crossing)			195
276	38	SPE_Kill yourself with a katana.json	spemotes.emote.name.SPE_Kill_yourself_with_a_katana	Kill Yourself with a Katana (KSEPSP)			49
274	29	SPE_Bye.json	spemotes.emote.name.SPE_Bye	Bye			224
274	21	SPE_Iron Man Pose.json	spemotes.emote.name.SPE_Iron_Man_Pose	Iron Man Pose (Multiverse) (Marvel)			59
273	29	SPE_Kira Yoshikage 's pose.json	spemotes.emote.name.SPE_Kira_Yoshikage_'s_pose	Yoshikage Kira pose (Multiverse) (JoJo)			37
273	12	SPE_Stand with a katana2.json	spemotes.emote.name.SPE_Stand_with_a_katana2	Katana stance (2 Variation) (KSEPSP)			516
272	51	SPE_Stretch out.json	spemotes.emote.name.SPE_Stretch_out	Stretch out			320
271	9	SPE_A blow with a heavy sword2.json	spemotes.emote.name.SPE_A_blow_with_a_heavy_sword2	Heavy sword strike (2 Variation) (KSEPSP)			194
271	28	SPE_Dancing.json	spemotes.emote.name.SPE_Dancing	Dancin' (Dance)			81
270	32	SPE_UnknownRun.json	spemotes.emote.name.SPE_UnknownRun	Unknown Run (Nightmares) (Movement)			113
270	14	SPE_Walking head waiting.json	spemotes.emote.name.SPE_Walking_head_waiting	Waiting for the Walking Head			431
267	27	SPE_Put on shoes.json	spemotes.emote.name.SPE_Put_on_shoes	Put on shoes			476
267	10	SPE_Slamming with two hands.json	spemotes.emote.name.SPE_Slamming_with_two_hands	Double slam			449
264	23	SPE_Feel Special.json	spemotes.emote.name.SPE_Feel_Special	Feel Special (Dance)			122
263	11	SPE_A blow with a heavy sword1.json	spemotes.emote.name.SPE_A_blow_with_a_heavy_sword1	Heavy sword strike (1 Variation) (KSEPSP)			267
262	22	SPE_Dr. Livesey's gait.json	spemotes.emote.name.SPE_Dr._Livesey's_gait	Dr. Livesey's gait (Multiverse) (Movement) (Treasure Island)			80
261	20	SPE_Put on a hat.json	spemotes.emote.name.SPE_Put_on_a_hat	Put on a hat			167
261	22	SPE_The curse of Vecna.json	spemotes.emote.name.SPE_The_curse_of_Vecna	Vecna's Curse (Multiverse) (Stranger Things)			360
256	40	SPE_Flying on a broom.json	spemotes.emote.name.SPE_Flying_on_a_broom	Flying on a broom (Nightmares) (Movement)  (KSEPSP)			603
256	10	SPE_Katana strike1.json	spemotes.emote.name.SPE_Katana_strike1	Katana strike (1 Variation) (KSEPSP)			187
256	7	SPE_Spear strike3.json	spemotes.emote.name.SPE_Spear_strike3	Spear strike (3 Variation) (KSEPSP)			246
255	21	SPE_FlyingLimbs.json	spemotes.emote.name.SPE_FlyingLimbs	Soaring Limbs (Nightmares)			614
254	18	SPE_The worm.json	spemotes.emote.name.SPE_The_worm	Worm (Dance)			109
251	10	SPE_Bang on the table.json	spemotes.emote.name.SPE_Bang_on_the_table	Slam the table			123
250	29	SPE_Kazotsky Kick.json	spemotes.emote.name.SPE_Kazotsky_Kick	Kazotsky Kick (Dance)			93
250	6	SPE_Stylish pose1.json	spemotes.emote.name.SPE_Stylish_pose1	Stylish pose (1 Variation)			537
247	30	SPE_Sit on the raslabon.json	spemotes.emote.name.SPE_Sit_on_the_raslabon	Chillin' Hard			82
247	9	SPE_Spear strike1.json	spemotes.emote.name.SPE_Spear_strike1	Spear strike (1 Variation) (KSEPSP)			228
246	13	SPE_Running Giyu Tomioki.json	spemotes.emote.name.SPE_Running_Giyu_Tomioki	Running Giyu Tomioka (Multiverse) (Movement) (Demon Slayer)			46
244	29	SPE_Moonwalk.json	spemotes.emote.name.SPE_Moonwalk	Moonwalk (Movement)			214
244	8	SPE_Sing vigorously into the microphone.json	spemotes.emote.name.SPE_Sing_vigorously_into_the_microphone	Sing passionately into the microphone			552
242	11	SPE_Put on your pants.json	spemotes.emote.name.SPE_Put_on_your_pants	Put on pants			698
242	28	SPE_PyramidHeadPose.json	spemotes.emote.name.SPE_PyramidHeadPose	Pyramid Head Pose (Nightmares)			699
240	10	SPE_Clink glasses.json	spemotes.emote.name.SPE_Clink_glasses	Clink glasses			189
240	30	SPE_Hang yourself.json	spemotes.emote.name.SPE_Hang_yourself	Hang yourself (Nightmares)			715
239	6	SPE_Hand strike1.json	spemotes.emote.name.SPE_Hand_strike1	Hand strike (1 Variation)			137
238	8	SPE_Katana strike3.json	spemotes.emote.name.SPE_Katana_strike3	Katana strike (3 Variation) (KSEPSP)			151
235	7	SPE_Look back.json	spemotes.emote.name.SPE_Look_back	Look back			345
234	7	SPE_Hand strike3.json	spemotes.emote.name.SPE_Hand_strike3	Hand strike (3 Variation)			146
234	49	SPE_Pointing up.json	spemotes.emote.name.SPE_Pointing_up	Pointing up			718
234	9	SPE_Put on outerwear.json	spemotes.emote.name.SPE_Put_on_outerwear	Put on outerwear			369
233	19	SPE_Anasui Pose.json	spemotes.emote.name.SPE_Anasui_Pose	Anasui Pose (Multiverse) (JoJo)			27
233	20	SPE_Jojo-pose4.json	spemotes.emote.name.SPE_Jojo-pose4	Josuke Higashikata Pose (Multiverse) (JoJo)			354
233	14	SPE_To give a gift.json	spemotes.emote.name.SPE_To_give_a_gift	Give a gift (KSEPSP) (New Year)			796
233	5	SPE_Tune the guitar.json	spemotes.emote.name.SPE_Tune_the_guitar	Tune the guitar (KSEPSP)			743
231	6	SPE_Stylish pose5.json	spemotes.emote.name.SPE_Stylish_pose5	Stylish pose (5 Variation)			525
230	5	SPE_Hand strike2.json	spemotes.emote.name.SPE_Hand_strike2	Hand strike (2 Variation)			137
229	12	SPE_Backflip.json	spemotes.emote.name.SPE_Backflip	Backflip			128
229	53	SPE_Look at the sky.json	spemotes.emote.name.SPE_Look_at_the_sky	Look at the sky			666
229	7	SPE_Reassure.json	spemotes.emote.name.SPE_Reassure	Reassure			596
228	10	SPE_Zweihander strike.json	spemotes.emote.name.SPE_Zweihander_strike	Zweihander strike (Multiverse) (Dark Souls)			104
226	49	SPE_Look into the distance.json	spemotes.emote.name.SPE_Look_into_the_distance	Look Into the Distance (Nature)			146
222	17	SPE_Slow hands.json	spemotes.emote.name.SPE_Slow_hands	Slow Hands (Dance)			40
222	16	SPE_Walking Head Tackle.json	spemotes.emote.name.SPE_Walking_Head_Tackle	Rolling a walking head (Movement) 			142
220	11	SPE_Zoro Pose.json	spemotes.emote.name.SPE_Zoro_Pose	Zoro Pose (Multiverse) (One Piece)			69
217	24	SPE_Boom Boom.json	spemotes.emote.name.SPE_Boom_Boom	Boom Boom (Dance)			204
217	27	SPE_Point directly.json	spemotes.emote.name.SPE_Point_directly	Point directly			718
214	25	SPE_Levitating ecco stand.json	spemotes.emote.name.SPE_Levitating_ecco_stand	Ekko Levitating Stand (Multiverse) (League of Legends)			292
209	37	SPE_WalkWithLantern.json	spemotes.emote.name.SPE_WalkWithLantern	Walk with Lantern (Nightmares) (Movement)			511
208	13	SPE_Gentelman.json	spemotes.emote.name.SPE_Gentelman	Gentleman (Dance)			249
207	13	SPE_KillerDance.json	spemotes.emote.name.SPE_KillerDance	Killer's Dance (Nightmares) (Dance)			589
207	34	SPE_Running with swords.json	spemotes.emote.name.SPE_Running_with_swords	Running with swords (Movement)			273
207	49	SPE_Wounded Running.json	spemotes.emote.name.SPE_Wounded_Running	Wounded running (Movement)			617
205	10	SPE_Sloth.json	spemotes.emote.name.SPE_Sloth	Sloth (Dance)			61
204	17	SPE_Dart Vader Stand.json	spemotes.emote.name.SPE_Dart_Vader_Stand	Darth Vader Stand (Multiverse) (Star Wars)			76
203	16	SPE_Awkward to fall.json	spemotes.emote.name.SPE_Awkward_to_fall	Awkward Fall			67
203	6	SPE_Walking Head Jump.json	spemotes.emote.name.SPE_Walking_Head_Jump	The leap of the walking Head (Movement) 			103
201	37	SPE_Admire.json	spemotes.emote.name.SPE_Admire	Admire			768
197	21	SPE_FearRun.json	spemotes.emote.name.SPE_FearRun	Running in Fear (Nightmares) (Movement)			572
195	21	SPE_Evelynn Stand.json	spemotes.emote.name.SPE_Evelynn_Stand	Evelynn Stand (Multiverse) (League of Legends)			48
195	12	SPE_Manner.json	spemotes.emote.name.SPE_Manner	Manner (Dance)			318
193	19	SPE_DeadDance.json	spemotes.emote.name.SPE_DeadDance	Dead Dance (Nightmares) (Dance)			692
192	18	SPE_Bench press with barbell.json	spemotes.emote.name.SPE_Bench_press_with_barbell	Bench Press with Barbell (KSEPSP) (Sport)			66
192	25	SPE_Explain near the blackboard.json	spemotes.emote.name.SPE_Explain_near_the_blackboard	Explain near the blackboard			55
192	14	SPE_The curse of Vecna1.json	spemotes.emote.name.SPE_The_curse_of_Vecna1	Vecna's Mortal Curse (Multiverse) (Stranger Things)			379
190	11	SPE_Boba Fett Stand.json	spemotes.emote.name.SPE_Boba_Fett_Stand	Boba Fett Levitating Stand (Multiverse) (Star Wars)			453
189	11	SPE_Jump shot.json	spemotes.emote.name.SPE_Jump_shot	Flying kick (Multiverse) (Street Fighter)			242
188	16	SPE_A hammer2.json	spemotes.emote.name.SPE_A_hammer2	A Hammer (KSEPSP) (Sport) (Left Hand)			28
188	16	SPE_Dance of little chickens.json	spemotes.emote.name.SPE_Dance_of_little_chickens	Dance of little chickens (Dance)			176
188	21	SPE_Dig into the ground.json	spemotes.emote.name.SPE_Dig_into_the_ground	Dig into the ground (Nightmares)			510
188	17	SPE_Knee twists.json	spemotes.emote.name.SPE_Knee_twists	Knee Twists (Sport)			62
187	13	SPE_Hopalong.json	spemotes.emote.name.SPE_Hopalong	Hopalong (Dance)			185
187	13	SPE_Scenario.json	spemotes.emote.name.SPE_Scenario	Scenario (Dance)			469
186	19	SPE_Get out of the ground.json	spemotes.emote.name.SPE_Get_out_of_the_ground	Get out of the ground (Nightmares)			730
183	21	SPE_Vai Stand.json	spemotes.emote.name.SPE_Vai_Stand	Vai Stand (Multiverse) (League of Legends)			152
182	15	SPE_Forward somersault.json	spemotes.emote.name.SPE_Forward_somersault	Frontflip			129
180	13	SPE_Sailor Mars Pose.json	spemotes.emote.name.SPE_Sailor_Mars_Pose	Sailor Mars Pose (Multiverse) (Sailor Moon)			82
180	13	SPE_Sailor Mercury Pose.json	spemotes.emote.name.SPE_Sailor_Mercury_Pose	Sailor Mercury Pose (Multiverse) (Sailor Moon)			43
180	24	SPE_Tackle.json	spemotes.emote.name.SPE_Tackle	Tackle (Movement)			279
179	12	SPE_Black Widow Pose.json	spemotes.emote.name.SPE_Black_Widow_Pose	Black Widow Pose (Multiverse) (Marvel)			83
178	7	SPE_Footsteps.json	spemotes.emote.name.SPE_Footsteps	Footsteps (Dance)			124
177	5	SPE_Mjolnir Strike.json	spemotes.emote.name.SPE_Mjolnir_Strike	Mjolnir Strike (Multiverse) (Marvel)			52
177	55	SPE_Plant a flower.json	spemotes.emote.name.SPE_Plant_a_flower	Plant a flower (Nature)			147
176	19	SPE_Cutting food with a knife.json	spemotes.emote.name.SPE_Cutting_food_with_a_knife	Cutting Food with a Knife (KSEPSP)			68
176	13	SPE_Joy.json	spemotes.emote.name.SPE_Joy	Rejoice			238
176	17	SPE_Looking at the earth.json	spemotes.emote.name.SPE_Looking_at_the_earth	Looking at the earth			576
176	13	SPE_Take on me.json	spemotes.emote.name.SPE_Take_on_me	Take on me (Dance)			524
175	13	SPE_Bosom friends.json	spemotes.emote.name.SPE_Bosom_friends	Bosom Friends (Dance) (Movement)			94
175	10	SPE_Fall1.json	spemotes.emote.name.SPE_Fall1	Fall (1 Variation)			33
174	8	SPE_Tectonic Wave.json	spemotes.emote.name.SPE_Tectonic_Wave	Tectonic Tide (Multiverse) (Genshin impact)			101
171	14	SPE_Albedo Stand.json	spemotes.emote.name.SPE_Albedo_Stand	Albedo Stand (Multiverse) (Genshin impact)			33
171	14	SPE_Jinx Stand.json	spemotes.emote.name.SPE_Jinx_Stand	Jinx Stand (Multiverse) (League of Legends)			42
170	7	SPE_Circular kick in the air.json	spemotes.emote.name.SPE_Circular_kick_in_the_air	Circular kick in a jump (Multiverse) (Street Fighter)			147
170	17	SPE_Stand on your hands.json	spemotes.emote.name.SPE_Stand_on_your_hands	Stand on Your Hands (Sport)			74
169	12	SPE_Diluc Stand.json	spemotes.emote.name.SPE_Diluc_Stand	Diluc Stand (Multiverse) (Genshin impact)			42
169	16	SPE_Goat.json	spemotes.emote.name.SPE_Goat	Goat (Dance)			112
169	31	SPE_Take pictures with a camera.json	spemotes.emote.name.SPE_Take_pictures_with_a_camera	Take Pictures with a Camera (KSEPSP)			88
168	15	SPE_Fall2.json	spemotes.emote.name.SPE_Fall2	Fall (2 Variation)			28
168	5	SPE_Withdrawal.json	spemotes.emote.name.SPE_Withdrawal	Withdrawal (Dance)			106
167	15	SPE_Maniac.json	spemotes.emote.name.SPE_Maniac	Maniac (Dance)			131
166	13	SPE_Hand strike.json	spemotes.emote.name.SPE_Hand_strike	Punch			17
166	12	SPE_Manipulation of chaos energy.json	spemotes.emote.name.SPE_Manipulation_of_chaos_energy	Manipulation of Chaos energy (Multiverse) (Marvel)			147
163	13	SPE_Eat food1.json	spemotes.emote.name.SPE_Eat_food1	Eating While Standing (KSEPSP)			72
163	28	SPE_KnifeCheck.json	spemotes.emote.name.SPE_KnifeCheck	Knife Check (Nightmares)			551
160	5	SPE_Kiss your feet.json	spemotes.emote.name.SPE_Kiss_your_feet	Foot to face (Multiverse) (Tokyo Avengers)			139
160	19	SPE_Purple Man.json	spemotes.emote.name.SPE_Purple_Man	The Purple Man (Nightmares) (Dance)			81
160	7	SPE_Stytsaman.json	spemotes.emote.name.SPE_Stytsaman	Stytsaman (Dance)			620
159	14	SPE_Lying on a hellish baldezh1.json	spemotes.emote.name.SPE_Lying_on_a_hellish_baldezh1	Hellish Thrill (KSEPSP) (2 Variant)			45
157	12	SPE_Kick.json	spemotes.emote.name.SPE_Kick	Kick			18
154	38	SPE_Important gait.json	spemotes.emote.name.SPE_Important_gait	Businesslike gait (Movement)			185
152	23	SPE_Riding standing on a horse.json	spemotes.emote.name.SPE_Riding_standing_on_a_horse	Riding Standing on a Horse (Nature)			198
151	19	SPE_Bouncing gait.json	spemotes.emote.name.SPE_Bouncing_gait	Bouncing gait (Movement)			44
150	24	SPE_Animatronics movements.json	spemotes.emote.name.SPE_Animatronics_movements	Animatronic movements (Nightmares)			674
150	22	SPE_Dynamite.json	spemotes.emote.name.SPE_Dynamite	Dynamite (Dance)			94
150	8	SPE_Panama hat.json	spemotes.emote.name.SPE_Panama_hat	Panama Hat (Dance)			285
149	6	SPE_Little babijon.json	spemotes.emote.name.SPE_Little_babijon	Little babijon (Dance)			117
148	24	SPE_Bodybuilding pose1.json	spemotes.emote.name.SPE_Bodybuilding_pose1	Bodybuilding Pose (Sport) (1 Variant)			43
146	16	SPE_Fantastic pose7.json	spemotes.emote.name.SPE_Fantastic_pose7	Fantastic pose (7 Variant) 			589
144	26	SPE_Arrogant gait.json	spemotes.emote.name.SPE_Arrogant_gait	Arrogant gait (Movement)			270
143	21	SPE_Gait7.json	spemotes.emote.name.SPE_Gait7	Zombie's gait (Movement)			310
142	11	SPE_Hit the door with an axe.json	spemotes.emote.name.SPE_Hit_the_door_with_an_axe	Hit the Door with an Axe (KSEPSP)			128
141	6	SPE_Few halves.json	spemotes.emote.name.SPE_Few_halves	Few Halves (Dance)			120
141	12	SPE_Penguin Club.json	spemotes.emote.name.SPE_Penguin_Club	Penguin's Club (Dance)			495
141	23	SPE_Running with gun1.json	spemotes.emote.name.SPE_Running_with_gun1	Running with a gun (Movement) (KSEPSP)			253
140	4	SPE_Banani.json	spemotes.emote.name.SPE_Banani	Banani (Dance)			118
139	10	SPE_Dawn of the Phoenix.json	spemotes.emote.name.SPE_Dawn_of_the_Phoenix	Dawn of the Phoenix (Multiverse) (Genshin impact)			424
139	13	SPE_Fortnite Dance.json	spemotes.emote.name.SPE_Fortnite_Dance	Default Dance (Dance) (Multiverse) (Fortnite)			527
139	5	SPE_Koi.json	spemotes.emote.name.SPE_Koi	Koi (Dance)			507
138	18	SPE_Jump sideways over a block1.json	spemotes.emote.name.SPE_Jump_sideways_over_a_block1	Jump sideways over a block (Movement) (Left side)			17
137	18	SPE_Lying on a Hellish Baldezh.json	spemotes.emote.name.SPE_Lying_on_a_Hellish_Baldezh	Hellish Thrill (KSEPSP) (1 Variant)			152
136	15	SPE_HuntressRun.json	spemotes.emote.name.SPE_HuntressRun	Huntress Run (Nightmares) (Movement)			147
136	17	SPE_NowkieDance.json	spemotes.emote.name.SPE_NowkieDance	Танец Новки (Танец)			751
136	10	SPE_Pose with a cane2.json	spemotes.emote.name.SPE_Pose_with_a_cane2	Pose with a Сane (KSEPSP) (2 Variant)			44
135	18	SPE_Leaning to the sides.json	spemotes.emote.name.SPE_Leaning_to_the_sides	Leaning to the Sides (Sport)			67
133	24	SPE_Move sideways.json	spemotes.emote.name.SPE_Move_sideways	Move sideways (Dance)			67
132	19	SPE_Gymnastic1.json	spemotes.emote.name.SPE_Gymnastic1	Gymnastic (Sport) (1 Variant)			46
132	17	SPE_JasonWalk.json	spemotes.emote.name.SPE_JasonWalk	Jason Voorhees Walk (Nightmares) (Movement)			141
132	16	SPE_KDA_Popstar.json	spemotes.emote.name.SPE_KDA_Popstar	Pop Stars (Dance)			701
131	8	SPE_A hammer1.json	spemotes.emote.name.SPE_A_hammer1	A Hammer (KSEPSP) (Sport) (Right Hand)			28
131	2	SPE_Give That Wolf A Banana.json	spemotes.emote.name.SPE_Give_That_Wolf_A_Banana	Give that wolf a banana (Dance)			776
129	22	SPE_Fantastic pose3.json	spemotes.emote.name.SPE_Fantastic_pose3	Fantastic pose (3 Variant) 			604
129	26	SPE_HuntressPose.json	spemotes.emote.name.SPE_HuntressPose	Huntress Pose (Nightmares)			629
129	19	SPE_Sleeping on a pig.json	spemotes.emote.name.SPE_Sleeping_on_a_pig	Sleeping on a Pig (Nature)			102
129	5	SPE_Walking Head hit1.json	spemotes.emote.name.SPE_Walking_Head_hit1	A walking head kick (Right side)			55
127	12	SPE_GhostFaceWalkSit.json	spemotes.emote.name.SPE_GhostFaceWalkSit	Ghostface Crouch Walk (Nightmares) (Movement)			160
125	11	SPE_Clown Dance.json	spemotes.emote.name.SPE_Clown_Dance	Clown (Dance)			164
125	17	SPE_Miss.json	spemotes.emote.name.SPE_Miss	Miss			726
124	15	SPE_Bodybuilding pose2.json	spemotes.emote.name.SPE_Bodybuilding_pose2	Bodybuilding Pose (Sport) (2 Variant)			43
124	35	SPE_Peeking out from behind the wall1.json	spemotes.emote.name.SPE_Peeking_out_from_behind_the_wall1	Peek out from behind the wall (Left side)			58
124	19	SPE_Search for information in the tablet.json	spemotes.emote.name.SPE_Search_for_information_in_the_tablet	Search for Information on the Tablet (KSEPSP)			32
124	29	SPE_Search2.json	spemotes.emote.name.SPE_Search2	Search			645
124	8	SPE_Stand with a katana.json	spemotes.emote.name.SPE_Stand_with_a_katana	Katana Pose (KSEPSP)			521
122	19	SPE_Quietly.json	spemotes.emote.name.SPE_Quietly	Quietly!			655
119	17	SPE_WednesdayPose.json	spemotes.emote.name.SPE_WednesdayPose	Wednesday Pose (Nightmares) (KSEPSP)			590
117	23	SPE_Hopeless gait.json	spemotes.emote.name.SPE_Hopeless_gait	Hopeless gait (Movement)			216
116	15	SPE_Bloody Pop.json	spemotes.emote.name.SPE_Bloody_Pop	Bloody Pop (Dance)			130
116	18	SPE_March.json	spemotes.emote.name.SPE_March	March (Movement)			290
116	6	SPE_Play the drum kit.json	spemotes.emote.name.SPE_Play_the_drum_kit	Play the Drum Kit (KSEPSP)			70
116	6	SPE_Play the synthesizer.json	spemotes.emote.name.SPE_Play_the_synthesizer	Playing the Synthesizer (KSEPSP)			134
114	8	SPE_Play the violin.json	spemotes.emote.name.SPE_Play_the_violin	Play the violin (KSEPSP)			60
113	18	SPE_FearDropItem.json	spemotes.emote.name.SPE_FearDropItem	Drop the item in Fear (Nightmares)			641
113	9	SPE_Sing into the microphone on the stand.json	spemotes.emote.name.SPE_Sing_into_the_microphone_on_the_stand	Sing into the Mic on the Stand (KSEPSP)			116
113	10	SPE_The Flight of the Ghost.json	spemotes.emote.name.SPE_The_Flight_of_the_Ghost	The flight of the Ghost (Nightmares) (Movement) 			465
112	22	SPE_Fantastic pose1.json	spemotes.emote.name.SPE_Fantastic_pose1	Fantastic pose (1 Variant) 			620
112	12	SPE_Ride a Chopper.json	spemotes.emote.name.SPE_Ride_a_Chopper	Ride a Chopper (KSEPSP) (Movement)			88
111	11	SPE_Diskomania.json	spemotes.emote.name.SPE_Diskomania	Discomania (Dance)			238
111	8	SPE_Inject adrenaline.json	spemotes.emote.name.SPE_Inject_adrenaline	Inject Adrenaline (KSEPSP)			63
111	2	SPE_Walking Head hit2.json	spemotes.emote.name.SPE_Walking_Head_hit2	A walking head kick (Left side)			49
110	13	SPE_GhostFaceRun.json	spemotes.emote.name.SPE_GhostFaceRun	Ghostface Run (Nightmares) (Movement)			150
110	14	SPE_HuntressBait.json	spemotes.emote.name.SPE_HuntressBait	Huntress Bait (Nightmares)			736
110	18	SPE_Jump sideways over a block2.json	spemotes.emote.name.SPE_Jump_sideways_over_a_block2	Jump sideways over a block (Movement) (Right side)			17
109	29	SPE_Protect from sun.json	spemotes.emote.name.SPE_Protect_from_sun	Protect yourself from the sun			627
109	12	SPE_RunWithLantern.json	spemotes.emote.name.SPE_RunWithLantern	Run with Lantern (Nightmares) (Movement)			160
108	8	SPE_Heart.json	spemotes.emote.name.SPE_Heart	The heart			699
107	3	SPE_Ride Sanchez.json	spemotes.emote.name.SPE_Ride_Sanchez	Ride Sanchez (KSEPSP) (Movement)			67
106	21	SPE_Draw on an easel.json	spemotes.emote.name.SPE_Draw_on_an_easel	Draw on an Easel (KSEPSP)			117
106	8	SPE_Kickboxing.json	spemotes.emote.name.SPE_Kickboxing	Kickboxing (Sport)			82
106	10	SPE_Killer's gait.json	spemotes.emote.name.SPE_Killer's_gait	The killer's gait (Nightmares) (Movement) 			160
106	11	SPE_look through the telescope.json	spemotes.emote.name.SPE_look_through_the_telescope	Look Through the Telescope (KSEPSP)			67
106	12	SPE_Smooth movements.json	spemotes.emote.name.SPE_Smooth_movements	Smooth movements (Dance)			111
105	3	SPE_Hit the ground with a sledgehammer.json	spemotes.emote.name.SPE_Hit_the_ground_with_a_sledgehammer	Hit the Ground with a Sledgehammer (KSEPSP)			54
104	6	SPE_D4DJ_Dance.json	spemotes.emote.name.SPE_D4DJ_Dance	DJ (1st Variant) (Dance)			58
104	12	SPE_Finishing with a knife.json	spemotes.emote.name.SPE_Finishing_with_a_knife	Finishing off with a knife (Nightmares)			770
104	10	SPE_GhostFacePose.json	spemotes.emote.name.SPE_GhostFacePose	Ghostface Pose (Nightmares)			703
104	13	SPE_JasonRun.json	spemotes.emote.name.SPE_JasonRun	Jason Voorhees Run (Nightmares) (Movement)			110
104	7	SPE_Jumping.json	spemotes.emote.name.SPE_Jumping	Jumpin' (Dance)			53
104	8	SPE_PyramidHeadWalk.json	spemotes.emote.name.SPE_PyramidHeadWalk	Pyramid Head Walk (Nightmares) (Movement)			170
104	9	SPE_Take pictures with the camera.json	spemotes.emote.name.SPE_Take_pictures_with_the_camera	Take Pictures with the Camera (KSEPSP)			98
103	16	SPE_To die from a severe blow.json	spemotes.emote.name.SPE_To_die_from_a_severe_blow	To die from a severe blow (Nightmares)			276
102	4	SPE_aim lying down.json	spemotes.emote.name.SPE_aim_lying_down	Aim Lying Down (KSEPSP)			105
102	8	SPE_Spooky.json	spemotes.emote.name.SPE_Spooky	Spooks (Nightmares) (Dance)			146
101	5	SPE_Feet down.json	spemotes.emote.name.SPE_Feet_down	Feet down (Dance)			77
101	10	SPE_the bar2.json	spemotes.emote.name.SPE_the_bar2	The Barl (Sport) (Bent Arms)			51
100	12	SPE_Running on the wall.json	spemotes.emote.name.SPE_Running_on_the_wall	Running on the wall (Movement) (Right side)			185
100	6	SPE_Swinging a katana.json	spemotes.emote.name.SPE_Swinging_a_katana	Swinging a Katana (KSEPSP)			42
98	13	SPE_Fishing standing up.json	spemotes.emote.name.SPE_Fishing_standing_up	Fishing Standing Up (Nature)			214
98	5	SPE_Kotinash.json	spemotes.emote.name.SPE_Kotinash	Kotinash (Dance)			142
98	6	SPE_Play the double bass.json	spemotes.emote.name.SPE_Play_the_double_bass	Play the Double Bass (KSEPSP)			49
98	3	SPE_Repair under the plane.json	spemotes.emote.name.SPE_Repair_under_the_plane	Repair under the Plane (KSEPSP)			137
98	9	SPE_Running on the wall1.json	spemotes.emote.name.SPE_Running_on_the_wall1	Running on the wall (Movement) (Left side)			169
98	20	SPE_Running.json	spemotes.emote.name.SPE_Running	Running (Movement)			271
97	5	SPE_Arsonist.json	spemotes.emote.name.SPE_Arsonist	Arsonist (KSEPSP)			58
97	3	SPE_Hay harvesting.json	spemotes.emote.name.SPE_Hay_harvesting	Hay Harvesting (KSEPSP) (Nature)			51
97	9	SPE_Somersault forward.json	spemotes.emote.name.SPE_Somersault_forward	Somersault forward (Movement)			100
96	3	SPE_Haymaking with a scythe.json	spemotes.emote.name.SPE_Haymaking_with_a_scythe	Haymaking with a Scythe (KSEPSP) (Nature)			25
96	2	SPE_Show.json	spemotes.emote.name.SPE_Show	Show (Nightmares) (Dance)			615
96	15	SPE_Snow Angel.json	spemotes.emote.name.SPE_Snow_Angel	Snow Angel (New Year) (Nature)			38
95	5	SPE_Lumbar puncture.json	spemotes.emote.name.SPE_Lumbar_puncture	Lumbar Puncture (KSEPSP)			85
95	6	SPE_Take advantage of the Peep-Boy.json	spemotes.emote.name.SPE_Take_advantage_of_the_Peep-Boy	Use the Peep-Boy (KSEPSP)			23
95	11	SPE_Yandere Run.json	spemotes.emote.name.SPE_Yandere_Run	Yandere Run (Nightmares) (Movement)			284
94	9	SPE_Fishing while sitting in a boat.json	spemotes.emote.name.SPE_Fishing_while_sitting_in_a_boat	Fishing while Sitting in a Boat (Nature)			219
93	7	SPE_Fantastic pose2.json	spemotes.emote.name.SPE_Fantastic_pose2	Fantastic pose (2 Variant) 			604
93	13	SPE_Jump over a block.json	spemotes.emote.name.SPE_Jump_over_a_block	Jump over a block (Movement)			18
93	2	SPE_Throw a grenade.json	spemotes.emote.name.SPE_Throw_a_grenade	Throw a grenade (KSEPSP)			61
92	4	SPE_Hit with a stick.json	spemotes.emote.name.SPE_Hit_with_a_stick	Hit with a Stick (KSEPSP)			32
92	5	SPE_Skibidi.json	spemotes.emote.name.SPE_Skibidi	Skibidi (Dance) (Movement)			69
92	20	SPE_Walking with a gun.json	spemotes.emote.name.SPE_Walking_with_a_gun	Walking with a gun (Movement) (KSEPSP)			276
89	10	SPE_Frankenstein Pose.json	spemotes.emote.name.SPE_Frankenstein_Pose	The Frankenstein Pose (Nightmares)			708
88	4	SPE_Give money from the cash register.json	spemotes.emote.name.SPE_Give_money_from_the_cash_register	Give Money from Register (KSEPSP)			54
88	12	SPE_Kochak.json	spemotes.emote.name.SPE_Kochak	Kochak (Dance)			59
88	11	SPE_PoseWithLantern.json	spemotes.emote.name.SPE_PoseWithLantern	Pose with Lantern (Nightmares)			652
87	4	SPE_PyramidHeadRun.json	spemotes.emote.name.SPE_PyramidHeadRun	Pyramid Head Run (Nightmares) (Movement)			133
86	22	SPE_Rhythmic clapping.json	spemotes.emote.name.SPE_Rhythmic_clapping	Rhythmic clapping			328
86	9	SPE_Separation of the head.json	spemotes.emote.name.SPE_Separation_of_the_head	To die with loss of head (Nightmares)			373
85	10	SPE_Boring Talk.json	spemotes.emote.name.SPE_Boring_Talk	It's boring to talk			604
85	6	SPE_Clap.json	spemotes.emote.name.SPE_Clap	Clap (Dance)			159
85	18	SPE_Set the arm.json	spemotes.emote.name.SPE_Set_the_arm	To set the arm (Nightmares)			483
84	1	SPE_Armory Pass.json	spemotes.emote.name.SPE_Armory_Pass	Armory Pass (KSEPSP)			23
84	6	SPE_KashimashiWalk.json	spemotes.emote.name.SPE_KashimashiWalk	Kashimashi Walk (Nightmares) (Movement)			200
82	7	SPE_UnknownPose1.json	spemotes.emote.name.SPE_UnknownPose1	Unknown Pose (Nightmares) (Without animation)			584
81	5	SPE_Feels.json	spemotes.emote.name.SPE_Feels	Feelin's (Full Dance)			279
81	6	SPE_KashimashiRun.json	spemotes.emote.name.SPE_KashimashiRun	Kashimashi Run (Nightmares) (Movement)			133
80	7	SPE_Hand in the sky.json	spemotes.emote.name.SPE_Hand_in_the_sky	Hand in the sky			369
80	6	SPE_KashimashiPose.json	spemotes.emote.name.SPE_KashimashiPose	Kashimashi Pose (Nightmares)			672
79	18	SPE_Pointing down.json	spemotes.emote.name.SPE_Pointing_down	Pointing down			718
77	10	SPE_Flight of the Witch.json	spemotes.emote.name.SPE_Flight_of_the_Witch	Flight of the Witch (Nightmares) (Movement) 			734
76	14	SPE_Come to senses.json	spemotes.emote.name.SPE_Come_to_senses	Come to your senses (Nightmares)			641
76	8	SPE_Fantastic pose6.json	spemotes.emote.name.SPE_Fantastic_pose6	Fantastic pose (6 Variant) 			619
76	9	SPE_Witch's Suffocation.json	spemotes.emote.name.SPE_Witch's_Suffocation	The Witch's Suffocation (Nightmares)			584
75	6	SPE_Dancing gait.json	spemotes.emote.name.SPE_Dancing_gait	Dancing gait (Movement)			696
75	9	SPE_JasonPose.json	spemotes.emote.name.SPE_JasonPose	Jason Voorhees Pose (Nightmares)			750
74	9	SPE_Fart.json	spemotes.emote.name.SPE_Fart	Fart			517
74	12	SPE_Fighting stance.json	spemotes.emote.name.SPE_Fighting_stance	Fighting Stance (Sport)			61
74	6	SPE_HuntressAttack.json	spemotes.emote.name.SPE_HuntressThrowAxe	Huntress's Axe Throw (Nightmares)			239
74	6	SPE_HuntressThrowAxe.json	spemotes.emote.name.SPE_HuntressThrowAxe	Huntress's Axe Throw (Nightmares)			279
73	19	SPE_Peeking out from behind the wall.json	spemotes.emote.name.SPE_Peeking_out_from_behind_the_wall	Peek out from behind the wall (Right side)			58
72	8	SPE_GhostFaceAttack.json	spemotes.emote.name.SPE_GhostFaceAttack	Ghostface Punch (Nightmares)			250
72	12	SPE_Heartbeat.json	spemotes.emote.name.SPE_Heartbeat	Heartbeat			706
72	8	SPE_Incomprehensible.json	spemotes.emote.name.SPE_Incomprehensible	Incomprehensible (Dance)			155
72	5	SPE_UnknownPose.json	spemotes.emote.name.SPE_UnknownPose	Unknown Pose (Nightmares) (With animation)			658
70	9	SPE_Bodybuilding pose3.json	spemotes.emote.name.SPE_Bodybuilding_pose3	Bodybuilding Pose (port) (3 Variant)			41
69	6	SPE_Die with the loss of hands.json	spemotes.emote.name.SPE_Die_with_the_loss_of_hands	To die with the loss of hands (Nightmares)			542
69	6	SPE_JasonAttack.json	spemotes.emote.name.SPE_JasonAttack	Jason Voorhees Punch (Nightmares)			225
68	8	SPE_Burpee.json	spemotes.emote.name.SPE_Burpee	Burpee (Sport)			75
68	6	SPE_PyramidHeadAttack.json	spemotes.emote.name.SPE_PyramidHeadAttack	Pyramid Head Punch (Nightmares)			240
68	5	SPE_Scare.json	spemotes.emote.name.SPE_Scare	Scare (Nightmares)			258
67	6	SPE_Fantastic pose4.json	spemotes.emote.name.SPE_Fantastic_pose4	Fantastic pose (4 Variant) 			618
67	6	SPE_PyramidHeadCut.json	spemotes.emote.name.SPE_PyramidHeadCut	Pyramid Head Cut (Nightmares)			460
66	2	SPE_Crossroad.json	spemotes.emote.name.SPE_Crossroad	Crossroad (Dance)			55
65	8	SPE_Specify the time.json	spemotes.emote.name.SPE_Specify_the_time	Specify the time			483
64	8	SPE_Gymnastic3.json	spemotes.emote.name.SPE_Gymnastic3	Gymnastic (Sport) (3 Variant)			29
64	7	SPE_JasonTalkToMom.json	spemotes.emote.name.SPE_JasonTalkToMom	Mom Talk (Nightmares)			701
64	5	SPE_Touch my face.json	spemotes.emote.name.SPE_Touch_my_face	Touch my face			336
63	11	SPE_Knocking on the door.json	spemotes.emote.name.SPE_Knocking_on_the_door	Knocking on the door (Nightmares)			620
61	4	SPE_MemePose6.json	spemotes.emote.name.SPE_MemePose6	The meme pose (6 Variant)			285
60	11	SPE_Kick out.json	spemotes.emote.name.SPE_Kick_out	Kick Out (Sport)			38
60	7	SPE_MemePose3.json	spemotes.emote.name.SPE_MemePose3	The meme pose (3 Variant)			285
59	5	SPE_D4DJ_Dance3.json	spemotes.emote.name.SPE_D4DJ_Dance3	DJ (4th Variant) (Dance)			58
59	4	SPE_Somersault.json	spemotes.emote.name.SPE_Somersault	Somersault (Movement)			95
58	3	SPE_D4DJ_Dance1.json	spemotes.emote.name.SPE_D4DJ_Dance1	DJ (2nd Variant) (Dance)			58
57	3	SPE_Fantastic pose5.json	spemotes.emote.name.SPE_Fantastic_pose5	Fantastic pose (5 Variant) 			619
57	6	SPE_Gait with a sword on belt.json	spemotes.emote.name.SPE_Gait_with_a_sword_on_belt	Gait with a sword on belt (Movement)			267
56	3	SPE_Fantastic pose9.json	spemotes.emote.name.SPE_Fantastic_pose9	Fantastic pose (9 Variant) 			619
56	4	SPE_Sing.json	spemotes.emote.name.SPE_Sing	Sing			679
55	6	SPE_Happy Night.json	spemotes.emote.name.SPE_Happy_Night	Happy Night (Dance) (Nightmares)			230
55	6	SPE_MemePose5.json	spemotes.emote.name.SPE_MemePose5	The meme pose (5 Variant)			285
55	6	SPE_Riding a pig.json	spemotes.emote.name.SPE_Riding_a_pig	Riding a Pig (Nature)			46
54	3	SPE_D4DJ_Dance2.json	spemotes.emote.name.SPE_D4DJ_Dance2	DJ (3rd Variant) (Dance)			58
54	6	SPE_Walking with a cane.json	spemotes.emote.name.SPE_Walking_with_a_cane	Walking with a cane (Movement) (KSEPSP)			357
53	11	SPE_Freeze.json	spemotes.emote.name.SPE_Freeze	Freeze (Nature)			102
53	8	SPE_Hanging out under substances.json	spemotes.emote.name.SPE_Hanging_out_under_substances	Junkie stand			56
52	3	SPE_Fantastic pose8.json	spemotes.emote.name.SPE_Fantastic_pose8	Fantastic pose (8 Variant) 			619
52	4	SPE_Mine ore with a pickaxe.json	spemotes.emote.name.SPE_Mine_ore_with_a_pickaxe	Mining with a Pickaxe (Nature)			88
52	7	SPE_the bar1.json	spemotes.emote.name.SPE_the_bar1	The Barl (Sport) (Straight Arms)			50
52	3	SPE_The Killer's Stance.json	spemotes.emote.name.SPE_The_Killer's_Stance	The Killer's Stance (Nightmares)			675
50	7	SPE_Hand waving.json	spemotes.emote.name.SPE_Hand_waving	Hand waving			353
50	9	SPE_Side scissors2.json	spemotes.emote.name.SPE_Side_scissors2	Side Scissors (Sport) (Left Leg)			51
49	10	SPE_Model Gait.json	spemotes.emote.name.SPE_Model_Gait	Model gait (Movement)			261
48	10	SPE_Pull out the weed.json	spemotes.emote.name.SPE_Pull_out_the_weed	Pull out the Weed (Nature)			94
47	6	SPE_Hypnosis.json	spemotes.emote.name.SPE_Hypnosis	Hypnotize (Nightmares)			577
46	9	SPE_Poop running.json	spemotes.emote.name.SPE_Poop_running	Shitless run (Movement)			256
45	9	SPE_Diva.json	spemotes.emote.name.SPE_Diva	D.Va Leap (Multiverse) (Overwatch)			141
45	2	SPE_Epic jump.json	spemotes.emote.name.SPE_Epic_jump	Epic jump			250
45	3	SPE_MemePose2.json	spemotes.emote.name.SPE_MemePose2	The meme pose (2 Variant)			207
45	2	SPE_MemePose4.json	spemotes.emote.name.SPE_MemePose4	The meme pose (4 Variant)			285
45	3	SPE_Start the fireworks.json	spemotes.emote.name.SPE_Start_the_fireworks	Start the fireworks			425
44	4	SPE_Birch.json	spemotes.emote.name.SPE_Birch	Birch (Sport)			68
44	8	SPE_Chop down a tree.json	spemotes.emote.name.SPE_Chop_down_a_tree	Chop Down a Tree (Nature)			105
44	11	SPE_Side scissors1.json	spemotes.emote.name.SPE_Side_scissors1	Side Scissors (Sport) (Right Leg)			51
44	10	SPE_Swallow.json	spemotes.emote.name.SPE_Swallow	Swallow (Sport)			39
43	12	SPE_Unsuccessfully feed the animal.json	spemotes.emote.name.SPE_Unsuccessfully_feed_the_animal	Unsuccessfully feed the Animal (Nature)			93
43	5	SPE_Walking with a gun1.json	spemotes.emote.name.SPE_Walking_with_a_gun1	Walking with a gun (Movement) (KSEPSP)			217
43	7	SPE_Yandere Pose.json	spemotes.emote.name.SPE_Yandere_Pose	The Yandere pose (Nightmares)			776
41	3	SPE_Tackle on knees.json	spemotes.emote.name.SPE_Tackle_on_knees	Tackle on knees (Movement) 			115
39	5	SPE_Walking on crutches.json	spemotes.emote.name.SPE_Walking_on_crutches	Walking on crutches (Movement) (KSEPSP)			495
37	2	SPE_MemePose1.json	spemotes.emote.name.SPE_MemePose1	The meme pose (1 Variant)			207
35	4	SPE_Rock Climber.json	spemotes.emote.name.SPE_Rock_Climber	Rock Climber (Sport)			124
35	4	SPE_Running with a briefcase.json	spemotes.emote.name.SPE_Running_with_a_briefcase	Running with a briefcase (Movement) (KSEPSP)			322
33	6	SPE_Buba Pose.json	spemotes.emote.name.SPE_Buba_Pose	Buba's pose (Nightmares) (KSEPSP)			707
33	2	SPE_Gymnastic2.json	spemotes.emote.name.SPE_Gymnastic2	Gymnastic (Sport) (2 Variant)			40
32	7	SPE_Drive away insects.json	spemotes.emote.name.SPE_Drive_away_insects	Drive away insects (ature)			56
31	5	SPE_Chill Gait.json	spemotes.emote.name.SPE_Chill_Gait	Chill gait (Movement)			501
30	5	SPE_Riding a chainsaw.json	spemotes.emote.name.SPE_Riding_a_chainsaw	Riding a chainsaw (Nightmares) (Movement) (KSEPSP)			751
30	3	SPE_Running with gun.json	spemotes.emote.name.SPE_Running_with_gun	Running with a gun (Movement) (KSEPSP)			216
28	5	SPE_Throw a snowball.json	spemotes.emote.name.SPE_Throw_a_snowball	Throw a snowball (New Year) (Nature)			129
26	3	SPE_Clean up the snow.json	spemotes.emote.name.SPE_Clean_up_the_snow	Shovel the snow (New Year) (Nature)			100
26	3	SPE_Running on the spot.json	spemotes.emote.name.SPE_Running_on_the_spot	Running on the Spot (Sport)			63
24	3	SPE_Head tilts.json	spemotes.emote.name.SPE_Head_tilts	Head Tilts (Sport)			52
20	3	SPE_Slip.json	spemotes.emote.name.SPE_Slip	Slip (Movement)			98
15	2	SPE_Bridge.json	spemotes.emote.name.SPE_Bridge	Bridge (Sport)			57
14	3	SPE_Broad gait.json	spemotes.emote.name.SPE_Broad_gait	Broad gait (Movement)			264
14	4	SPE_Turns to the sides.json	spemotes.emote.name.SPE_Turns_to_the_sides	Turns to the sides (Sport)			66
12	4	SPE_Karate.json	spemotes.emote.name.SPE_Karate	Karate (Sport)			89
9	8	SPE_Jerk.json	spemotes.emote.name.SPE_Jerk	Jerk (Movement)			69
0	0	SPE_Babylon.json	spemotes.emote.name.SPE_Babylon				703
0	0	SPE_BangBang.json	spemotes.emote.name.SPE_BangBang				767
0	0	SPE_Boomer.json	spemotes.emote.name.SPE_Boomer				358
0	0	SPE_ChristmasDance.json	spemotes.emote.name.SPE_ChristmasDance				729
0	0	SPE_Dare.json	spemotes.emote.name.SPE_Dare				752
0	0	SPE_DoIt.json	spemotes.emote.name.SPE_DoIt				707
0	0	SPE_Doomer.json	spemotes.emote.name.SPE_Doomer				375
0	0	SPE_FameIsAGun.json	spemotes.emote.name.SPE_FameIsAGun				514
0	0	SPE_FeelGood.json	spemotes.emote.name.SPE_FeelGood				646
0	0	SPE_FOMO.json	spemotes.emote.name.SPE_FOMO				786
0	0	SPE_Fucking lying down.json	spemotes.emote.name.SPE_Fucking_lying_down			NSFW	93
0	0	SPE_Fucking sitting down.json	spemotes.emote.name.SPE_Fucking_sitting_down			NSFW	396
0	0	SPE_GirlLikeMe.json	spemotes.emote.name.SPE_GirlLikeMe				664
0	0	SPE_Groove1.json	spemotes.emote.name.SPE_Groove1				255
0	0	SPE_HeatAbnormal.json	spemotes.emote.name.SPE_HeatAbnormal				920
0	0	SPE_HootieFrutti.json	spemotes.emote.name.SPE_HootieFrutti				773
0	0	SPE_Hypnotize.json	spemotes.emote.name.SPE_Hypnotize				763
0	0	SPE_IChooseYou.json	spemotes.emote.name.SPE_IChooseYou				686
0	0	SPE_KissNTell.json	spemotes.emote.name.SPE_KissNTell				679
0	0	SPE_KontonBoogie.json	spemotes.emote.name.SPE_KontonBoogie				609
0	0	SPE_Lemonade2.json	spemotes.emote.name.SPE_Lemonade2				775
0	0	SPE_Lying Sex.json	spemotes.emote.name.SPE_Lying_Sex			NSFW	336
0	0	SPE_MadeMyNight.json	spemotes.emote.name.SPE_MadeMyNight				772
0	0	SPE_Masturbate.json	spemotes.emote.name.SPE_Masturbate			NSFW	16
0	0	SPE_MidnightSun.json	spemotes.emote.name.SPE_MidnightSun				1069
0	0	SPE_Miku.json	spemotes.emote.name.SPE_Miku				790
0	0	SPE_Milkshake.json	spemotes.emote.name.SPE_Milkshake				765
0	0	SPE_Mogged.json	spemotes.emote.name.SPE_Mogged				727
0	0	SPE_MoreJumpMore.json	spemotes.emote.name.SPE_MoreJumpMore				699
0	0	SPE_Move1.json	spemotes.emote.name.SPE_Move1				213
0	0	SPE_MysticalMagical.json	spemotes.emote.name.SPE_MysticalMagical				426
0	0	SPE_NonsenseBungaku.json	spemotes.emote.name.SPE_NonsenseBungaku				608
0	0	SPE_PinkyUp.json	spemotes.emote.name.SPE_PinkyUp				762
0	0	SPE_PopOff.json	spemotes.emote.name.SPE_PopOff				770
0	0	SPE_Rider.json	spemotes.emote.name.SPE_Rider			NSFW	59
0	0	SPE_Samsa.json	spemotes.emote.name.SPE_Samsa				725
0	0	SPE_SaWaDiKa.json	spemotes.emote.name.SPE_SaWaDiKa				747
0	0	SPE_Scuba.json	spemotes.emote.name.SPE_Scuba				426
0	0	SPE_SexAct.json	spemotes.emote.name.SPE_SexAct			NSFW	58
0	0	SPE_Sexpass.json	spemotes.emote.name.SPE_Sexpass			NSFW	37
0	0	SPE_SnowWaltz1.json	spemotes.emote.name.SPE_SnowWaltz1				709
0	0	SPE_SnowWaltz2.json	spemotes.emote.name.SPE_SnowWaltz2				710
0	0	SPE_SplitDance.json	spemotes.emote.name.SPE_SplitDance				844
0	0	SPE_Striptease.json	spemotes.emote.name.SPE_Striptease			NSFW	212
0	0	SPE_Tectonic.json	spemotes.emote.name.SPE_Tectonic				778
0	0	SPE_TondemoWonderz.json	spemotes.emote.name.SPE_TondemoWonderz				692
0	0	SPE_Touch.json	spemotes.emote.name.SPE_Touch				759
0	0	SPE_Villain.json	spemotes.emote.name.SPE_Villain				695
0	0	SPE_Yararara.json	spemotes.emote.name.SPE_Yararara				482