SPE_Nice to sit	Sentarse con ternura
SPE_Helltaker	Baile de Helltaker
SPE_Lying with your hands behind your head	Tumbarse con las manos en la nuca
SPE_Lie on your stomach	Tumbarse boca abajo
SPE_Torture crackdown	Baile de JoJo
SPE_Hands behind	Manos a la espalda
SPE_Sit by the fire	Sentarse junto a la hoguera
SPE_Push-ups	Flexiones
SPE_Sit relaxed	Sentarse relajado
SPE_Twist the sword	Girar la espada
SPE_To sit on the throne	Sentarse en el trono
SPE_Bit Jock	Baile Beat Jock (FNF)
SPE_Jojo-pose5	Pose de Jotaro (JoJo)
SPE_Apologize on my knees	Pedir perdón de rodillas
SPE_Lying sideways1	Tumbarse de lado
SPE_Pray	Rezar
SPE_Boring sit	Sentarse aburrido
SPE_Lean in front of the block	Apoyarse en un bloque
SPE_JustDance	Baile Just Dance
SPE_Waltz1	Vals (pareja 1)
SPE_Waltz2	Vals (pareja 2)
SPE_It's tragic to die	Morir dramáticamente
SPE_Petting a dog	Acariciar a la mascota
SPE_Gangnam style2	Baile Gangnam Style
SPE_Fighting stance with swords	En guardia con espada
SPE_Sit elegantly	Sentarse con elegancia
SPE_Sit cross-legged	Sentarse con las piernas cruzadas
SPE_Polite hello	Saludo formal
SPE_Doom	Condenado
SPE_Hopelessness	Caer de rodillas
SPE_Chill to sit	Sentarse tranquilo
SPE_sit down like a boss	Sentarse como un jefe
SPE_Get on one knee	Arrodillarse
SPE_Bow	Reverencia
SPE_Embarrassing to sit	Sentarse avergonzado
SPE_Jojo-pose8	Pose de Dio (JoJo)
SPE_Think	Pensar
SPE_Writing a book	Escribir
SPE_Wait at the wall	Esperar en la pared
SPE_Go crazy	Volverse loco
SPE_Fighting pose with shild	En guardia con escudo
SPE_Sit	Sentarse
SPE_Lay	Tumbarse
SPE_SadCat	Baile Sad Cat
SPE_Dab	Dab
SPE_Fold your hands in front of you	Manos juntas delante
SPE_Sit with your hands on your knees	Sentarse con las manos en las rodillas
SPE_Twisting	Abdominales
SPE_Cuddle	Abrazo
SPE_Hand on heart	Mano en el corazón
SPE_Consider the subject	Examinar un objeto
SPE_Worship	Reverencia profunda
SPE_Phit hon	Baile Phit Hon
SPE_Air kiss	Lanzar un beso
SPE_Floss	Baile Floss
SPE_Jumpstyle	Baile Jumpstyle
SPE_Lean back on the block	Apoyarse de espaldas
SPE_Photogenic pose7	Pose para la foto
SPE_Explain something on the table	Explicar en la mesa
SPE_Modelpose6	Pose de modelo
SPE_Shock	Sorpresa
SPE_Die	Morir
SPE_Tumbler	Baile Tumbler
SPE_Lean with a straight hand against the wall	Apoyarse con el brazo en la pared
SPE_Dance	Baile de manos
SPE_sit2	Sentarse de brazos cruzados
SPE_Apologize	Pedir perdón
SPE_Fatigue	Cansado
SPE_Teleportation Tracer	Teletransporte de Tracer
SPE_Take offence	Ofenderse
SPE_Slip up	Resbalar
SPE_Fighting pose with a bow	Apuntar con el arco
SPE_Lean your elbow on the wall	Apoyar el codo en la pared
SPE_Hugs	Abrazo sentados
SPE_Holding hands1	Ir de la mano (derecha)
SPE_Holding hands	Ir de la mano (izquierda)
SPE_Shaolin	Shaolin
SPE_Sleep	Dormir
SPE_Tilt Head	Ladear la cabeza
SPE_Slam	Golpe al suelo
SPE_Foot tapping	Baile Foot Tapping
SPE_Quick break	Baile Quick Break
SPE_Lezginka	Baile Lezginka
SPE_Sit down like a genius	Sentarse como un genio
SPE_Kneel down	De rodillas
SPE_Hype	Baile Hype
SPE_Swing the sword	Blandir la espada
SPE_Gopnik	Sentarse en cuclillas
SPE_Get scared	Llevarse un susto
SPE_Flying face down	Volar boca abajo
SPE_Caramel	Baile Caramelldansen
SPE_Shrug your shoulders	Encogerse de hombros
SPE_Say so	Baile Say So
SPE_Laugh	Reír
SPE_Strike with a sword1	Espadazo
SPE_Handshake	Darse la mano
SPE_Worried about sitting	Sentarse nervioso
SPE_Spider-Man Pose1	Pose de Spider-Man
SPE_Expectation	Esperar
SPE_Sit thoughtfully	Sentarse pensativo
SPE_Lying in a boat	Tumbarse en una barca
SPE_Poke	Dar un toque
SPE_Fighting pose	En guardia
SPE_Jump to the floor	Tirarse al suelo
SPE_Shuffle	Baile Shuffle
SPE_Boogie down	Baile Boogie Down
SPE_Naruto Pose	Pose de Naruto
SPE_Delight	Alegría
SPE_Imagine sitting down to work	Hacer como que trabajas
SPE_Lean your hand on the block1	Apoyar el codo en un bloque
SPE_Extend your arms forward	Estirar los brazos
SPE_Salute	Saludo militar
SPE_Twine	Spagat
SPE_No	Decir que no
SPE_Yes	Decir que sí
SPE_View flowers	Mirar las flores
SPE_Shoot a bow	Disparar con arco
SPE_Bask by the fire	Calentarse junto al fuego
SPE_Hold	Ofrecer un objeto
SPE_Bunny	Baile del conejito
SPE_Be_ashamed	Avergonzarse
SPE_Talking at the bar	Charlar en la barra
SPE_Drink some water	Beber agua
SPE_Beyond the way	Baile Beyond the Way
SPE_Jump	Saltar
SPE_Forge	Forjar
SPE_Hands on the belt	Brazos en jarra
SPE_Dance of the Fire God	Baile del Dios del Fuego
SPE_Strange Dance	Baile raro
SPE_Tadam	¡Tachán!
SPE_Sing into the microphone	Cantar al micro
SPE_Wash your hands	Lavarse las manos
SPE_Fear	Miedo
SPE_Talking on a phone	Hablar por teléfono
SPE_Jump on the spot	Saltar en el sitio
SPE_Waiting for the race	Preparado para correr
SPE_Typing on the keyboard	Escribir en el teclado
SPE_Talking1	Hablar
SPE_Dance2	Baile tornado
SPE_Vampire	Baile del vampiro
SPE_Stomach pain	Dolor de barriga
SPE_Successful pose	Pose de la suerte
SPE_Dance1	Baile de vacaciones
SPE_Sneeze	Estornudar
SPE_Headphones	Baile con cascos
SPE_Hands_up	Manos arriba
SPE_crouch	Sentadillas
SPE_Give it here	Ven aquí
SPE_Selfie	Selfie
SPE_Bandage hand	Vendarse el brazo
SPE_Finishing	Remate
SPE_Search	Rebuscar
SPE_Rock Paper Scissors	Piedra, papel o tijera
SPE_Outrage	Indignado
SPE_Pinched back	Dolor de espalda
SPE_Super shy	Baile Super Shy
SPE_look through a magnifying glass	Mirar con lupa
SPE_Be sad	Estar triste
SPE_Shadow Cloning Technique	Jutsu de clones (Naruto)
SPE_Stylish pose6	Pose con estilo
SPE_Sheep Ritual	Baile del ritual (Cult of the Lamb)
SPE_Levitation of the mob	Levitación (Mob Psycho)
SPE_The Harley Quinn Pose	Pose de Harley Quinn
SPE_Oddloop	Baile Oddloop
SPE_Sleeping standing up	Dormir de pie
SPE_Doll	Baile de la muñeca
SPE_Pull - ups	Dominadas
SPE_Pearl	Baile Pearl
SPE_Ashi	Baile Ashi
SPE_Luffy Stand	Pose de Luffy
SPE_Romantic Sit	Sentarse romántico
SPE_Pomegranate	Baile de Garnet
SPE_Be shy	Ser tímido
SPE_EgoRock	Baile EgoRock
SPE_Ballet	Ballet
SPE_Internet	Baile Internet
SPE_Lying in a trolley	Tumbarse en una vagoneta
SPE_Heart1	Corazón (pareja derecha)
SPE_Heart2	Corazón (pareja izquierda)
SPE_Read a book sitting down	Leer sentado
SPE_Seven	Baile Seven
SPE_Domino	Baile Domino
SPE_Idol	Baile Idol
SPE_Mystery	Baile Mysteria
