nombre	fichero	uuid
Saludar (mod)	(integrado)	33b912f8-0aa0-45e6-a2d4-9b5677e6f35c
Aplaudir (mod)	(integrado)	96506a5e-a69c-4a18-9add-d43dfd272fa6
Llorar (mod)	(integrado)	a2969c42-520f-4c5c-a024-a7d0a2b7b4d1
Señalar (mod)	(integrado)	931b2bda-a25e-4e55-957a-88c46f5e9a7b
Ven aquí (mod)	(integrado)	3045b335-12ca-4ddb-aca5-0aef450a5e4c
Facepalm (mod)	(integrado)	0de63fbe-2f20-44e0-8969-479b76ceeb6b
Mortal hacia atrás (mod)	(integrado)	ebfb1e69-330a-4970-8bca-f5625c90681a
Baile Roblox (mod)	(integrado)	f9f6669d-f1b3-4170-8bc5-475a9a600439
Baile Kazotsky (mod)	(integrado)	01a53a42-2fd2-418c-8e46-e4ee1ff9ee6a
Baile Club Penguin	baile_club_penguin.emotecraft	1f023b71-8ef6-33b6-8967-063d381ccc13
Baile en corro	baile_corro.emotecraft	87a6099e-c47c-3cdb-8eea-0aaf5a3d9d89
Baile Czardas	baile_czardas.emotecraft	388a40dd-aa3f-39be-8906-dd7c9e8c3563
Baile Orange Justice	baile_orange_justice.emotecraft	83b89681-beae-33d1-bb3c-6f47a2aaf667
Baile del pájaro	baile_pajaro.emotecraft	0643ffaf-2c9e-3d3f-b1bf-8678ab074829
Acariciar la cabeza	caricia.emotecraft	f314b5f1-98fa-3ec9-b3ca-1599f1d7b407
Plancha	mine_5x30_plank.emotecraft	6a2f334d-f76e-382d-90fe-a0046809ed8d
Baile Doodle	mine_7_0_doodle.emotecraft	79bba9e9-9caa-3298-a6f8-c7e68a8f332c
Burlarse	mine_7_0_ear_tease.emotecraft	db6f0cd0-294f-3aed-b283-6ed34ed9bec4
Dolor de cabeza	mine_7_0_headache.emotecraft	11a97ee6-84d2-3c15-8ef9-9c2c11b47d6a
Baile Konton Boogie	mine_7_0_konton_boogie.emotecraft	4408adec-bd87-3bf0-80df-3efa6a34dd5f
Baile de patadas en cuclillas	mine_7_0_squat_kick.emotecraft	56e23ab9-5409-3493-a203-c1ce205cd6a9
Tomar el sol	mine_7_0_sunbathing.emotecraft	0a9b69d5-2bb0-30ba-90f4-04ccc984721d
Victoria 2	mine_7_0_victory_2.emotecraft	e89cf882-37ea-35f9-9b3e-e99bf0227845
Secarse el sudor	mine_7_0_wipe_sweat_off_head.emotecraft	c5e18715-b055-3bf2-a9ee-c338880c1174
Baile Bling-Bang-Bang-Born	mine_blingbangbangborn.emotecraft	4a9ed676-9bf4-35f5-8a7e-126f9eb7da17
Breakdance	mine_brakedance.emotecraft	6d08da3a-e49d-3494-96b0-63e323132b93
Rueda lateral	mine_cartwheel.emotecraft	cbee7db1-a07e-323e-9365-fa8e841bb2b4
Baile de Chainsaw Man	mine_chainsawman_dance.emotecraft	504f9c62-6a94-37ba-8769-db53a58d84cb
Dormirse en el cine	mine_ciem_sleep.emotecraft	e1137949-704b-35e0-b8a9-2bee8370a544
Ver una película	mine_ciem_watching.emotecraft	7242a6bd-407c-3abc-8b4d-b94de35684e2
Quitarse las gafas	mine_cool_take_off_glasses.emotecraft	7c2e9be9-ea9a-3c6e-8fbd-540278ed8b90
Taparse del sol	mine_cover_from_sun.emotecraft	6a885188-62e9-32d9-bf9f-7604ca026e57
Abrir un portal	mine_createaportal.emotecraft	7fa5f18f-c497-3063-8d4a-7ba0cd254e8b
Baile de Ankha	mine_de_ankha.emotecraft	b30f3988-5cb8-3523-9515-a859930354ec
Baile Bhangra	mine_de_bhangra_boogie.emotecraft	2622cceb-3b20-3987-9f47-c10b80bc3c68
Baile California Gurls	mine_de_california_gurls.emotecraft	2ce76a85-9203-31e0-a581-348cefd12605
Baile de brazos cruzados	mine_de_crossing_arms.emotecraft	f794b7bf-f5ff-334d-978e-110669dbd405
Baile de los pajaritos	mine_de_dance_of_little_ducklings.emotecraft	0c49aafc-c296-3a89-8354-f3b2f755b02a
Baile animado	mine_de_dancing_up.emotecraft	63ae75d9-2a7e-31e5-9a74-f2d4a213ed77
Baile estrella disco	mine_de_disco_star.emotecraft	91a62cbc-6d5f-36d0-98a0-8ea6b56e8c31
Baile de Drake	mine_de_drake.emotecraft	5243816a-dd46-3bea-abb2-c81750cc1a37
Baile del ingeniero (TF2)	mine_de_engineer_dance.emotecraft	046d43c7-6075-3bde-a972-dc03bb0043f5
Baile Fishy Flourish	mine_de_fishyflourish.emotecraft	12d0a7b1-7872-3ad0-a320-8186a44259c7
Baile de Garry's Mod	mine_de_gmod_default.emotecraft	bd2f0e54-365e-364a-a98b-5655fdbe24f8
Baile de Goat Simulator	mine_de_goatsimulator_party.emotecraft	9e0825bf-5ff4-31e3-8e6e-9673e55ddfa2
Baile del alien verde	mine_de_green_alien.emotecraft	6e849ea4-6557-3309-9879-225693787f5b
Baile Griddy	mine_de_griddy.emotecraft	9fd6c454-5e94-3db6-a5d1-35d036b28b95
Baile de Gru	mine_de_gru_dance.emotecraft	2a9ad48c-0d83-3810-91f8-e587e281585f
Baile Lil Moon	mine_de_lilmoon.emotecraft	33b81d1d-2668-32dd-831e-82a56624b1c2
Baile Macarena	mine_de_macarena.emotecraft	c81cdda5-7f29-3f13-8bb7-705bb64c3935
Baile del mono	mine_de_monkey.emotecraft	3ccc361d-b5e0-3715-81bf-37eecfd046fa
Baile de Octavia (Warframe)	mine_de_octavia.emotecraft	ebba2561-f16e-3403-80ca-a2762ff65714
Baile del piglin	mine_de_piglin.emotecraft	b9848495-c512-3df1-b043-18f6fd0b413b
Pirueta	mine_de_pirouette.emotecraft	556f0f0e-cf4d-325d-a749-002fad1de6a2
Baile piernas pistón	mine_de_piston_legs.emotecraft	7647b85f-4d03-3f60-ae86-e5eb4e8be80d
Baile Purple Cobras	mine_de_purple_cobras.emotecraft	461cdb7d-51ed-3d0d-8718-3b48efcf5bb9
Baile Smooth Moves	mine_de_smooth_moves.emotecraft	9200ed82-4290-34f9-8452-eed0935e5aea
Baile Mannrobics (TF2)	mine_de_tf2_mannrobics.emotecraft	3db77b60-b45b-348b-be3a-2aa916befd70
Baile trap	mine_de_trap_moves.emotecraft	4a84d3d7-2971-3d34-9f20-d37017b694c3
Baile de Unreal	mine_de_unreal_dvizh.emotecraft	2048d7ec-894d-3a0b-a8c4-ce8106b2c446
Baile Floss molino	mine_de_windmill_floss.emotecraft	8f6dcc65-5bd1-3206-bd41-f75c0faeab8e
Desenterrar algo	mine_dig_up_something.emotecraft	af4d04f7-3030-3cf3-a746-7d9644064ab4
Baile de distracción	mine_distraction_dance_remake.emotecraft	b4587b5f-d180-35dd-96c9-8c8b7725d007
Patada voladora	mine_dropkick.emotecraft	23a3b96e-fdef-3667-b89a-65d7391cbd55
Baile de Dylan	mine_dylan_dance.emotecraft	d73829ad-ec07-3c97-88d5-d8d0a7028bd8
Tener frío	mine_emotewinter11.emotecraft	31e1a816-4fc8-3f5a-91c2-160da3efe739
Tirar bolas de nieve	mine_emotewinter14.emotecraft	bb7264b1-1fdc-3567-a8c9-83438b7c5df7
Tumbarse en la nieve	mine_emotewinter17.emotecraft	a78b1847-2b7f-3664-8cb7-0d8c71328802
Caerse como una estatua	mine_falllikeastatue.emotecraft	e1c9c2e8-2bbd-3287-8033-724477626516
Asustarse	mine_frighten.emotecraft	234c65bd-9161-3ce2-8653-cae3f5c5567f
Tumbarse como un gato	mine_furryanimal_lay.emotecraft	22f89096-2ae5-32bd-872e-d30371ef60a6
Sentarse como un gato	mine_furryanimal_sit.emotecraft	06984774-ea4d-30f3-a252-46646b5c7c2c
Atascado en las texturas	mine_getstuckintextures.emotecraft	d386b9b4-8905-3f6c-8e11-11c49fa20a12
Contar dinero	mine_gp_counting_money.emotecraft	7c96acdf-9ab6-34d3-9ebd-fcf480e6f262
Tocar el piano	mine_gp_piano_playing.emotecraft	6e5c08bf-29f0-37b3-a421-ed31224433e7
Hadouken	mine_hadouken.emotecraft	cab707f1-2943-3f22-bb6d-82d46b052ad8
Baile de Hakari	mine_hakaridance.emotecraft	1b91761b-b623-3bf9-998f-18b10cc81f3b
Celebrar un mineral	mine_happy_ore.emotecraft	6857d9f3-db3a-329b-9e60-972d3ec66342
Cabezazo	mine_headbutt.emotecraft	9ebd1800-83c8-3835-8e59-385ad6e8cf55
Grabar con cámara	mine_hold_a_videocam.emotecraft	cbca230e-0995-3f7b-88f7-289d8d050502
Baile hipnótico	mine_hypnodance.emotecraft	504f01cd-67bd-3376-b51a-85d1f7f8f5b3
Baile de Ishakov	mine_ishakov_dance.emotecraft	b337d640-5644-3173-8616-8e9f84602ba9
Andar como Jack Sparrow	mine_jack_sparrow_walk.emotecraft	d32b20a6-6ee4-3189-8d3f-314b82ccee0a
Malabares	mine_juggle.emotecraft	b72b74b8-61b1-37b1-a769-96499c9a125e
Chutar un balón	mine_kick_football.emotecraft	2c9f06e2-ce34-3ca4-9e5b-bb31ecc30ff0
Levantarse de un salto	mine_kip_up.emotecraft	d597836b-a01b-397c-b4a2-f77f5dadbbf6
Llamar a la puerta	mine_knock_door.emotecraft	7cc88c63-cb88-3059-903c-39e8304cb097
Baile de Lethal Company	mine_lethalcompanydance.emotecraft	c3e6c61a-a94c-397f-ad85-71b8e2d01c5b
Levitar	mine_levitateinthesky.emotecraft	86390c1a-b54f-3987-8ddb-36257edc4131
Baile Skibidi	mine_litle_big_skibidi.emotecraft	8f424e29-e88a-3063-af40-6cfa14a9a15b
Baile Lord Dripiez	mine_lord_dripiez.emotecraft	84ef84cd-0a50-3d37-9a63-7744e6578525
Marcar el paso	mine_march.emotecraft	a12586e7-f75d-3615-830b-8c6413553ac5
DJ	mine_mecmdj.emotecraft	8e54871a-7292-380e-a170-0864ce5a0a19
Mover la cabeza al ritmo	mine_mecmnormalbithed.emotecraft	e2d6de82-e914-3849-80de-bc7bb0901230
Meditar	mine_meditation.emotecraft	28e265c8-94ef-368b-8d95-ddb4acada6d4
Baile de Mettaton (Undertale)	mine_mettatonex.emotecraft	29edd6cf-cbc4-3060-85a9-c325f0185c28
Mirar a lo lejos	mine_napoleon_stand_looks.emotecraft	99d66b3e-9603-3ab9-b418-ffb32400ae0a
Baile Not Responsible	mine_not_responsible_dance.emotecraft	052287ab-c4f2-3ad5-b74f-11fcc3625735
Dominada a una mano	mine_onearm_pullup.emotecraft	2f52d298-257c-3a4d-94f4-9a038bf63d9b
Baile del mineral	mine_ore_dance_remakee.emotecraft	e79e0416-25fd-3e6e-8f0d-3282b75bd798
Baile Phantomimes	mine_phantomimes.emotecraft	7ffe5093-7480-3e5c-bf80-cb403bf72866
Pico al hombro	mine_pickaxe_shoulder.emotecraft	aee12d56-4e51-3eaf-aebf-0a9291e5e972
Baile Pikuniku	mine_pikuniku.emotecraft	d79181f9-4c42-3cac-9fa3-63cf044d27cf
Andar con orgullo	mine_proud_walk.emotecraft	8cea1a34-0be8-3167-963d-9bfe699744b2
Baile de la calabaza	mine_pumpkin_dance.emotecraft	49dd02c0-a6b4-35ba-9029-6eeb1bc22b81
Flexiones haciendo el pino	mine_push_upsinthehandonhand.emotecraft	31451892-b3c2-300f-a25f-33f5010e79b1
Leer un libro	mine_read_a_book.emotecraft	3c2b02cd-2ff9-3d84-b435-5f3ffef6319e
Salir de la tumba	mine_return_alive.emotecraft	6df449fc-f6c5-3dd5-88fb-00b8bca71d17
Revolcarse de risa	mine_rideonthefloorinhysteria.emotecraft	2bc0bb50-f60b-3891-9b38-211cc317c766
Buscar en los bolsillos	mine_rummaging_pockets.emotecraft	f3374fce-3e47-347f-9e6c-af6157c523f3
Baile Shikanoko	mine_shikanoko.emotecraft	6fb5697d-6584-3c01-9f0e-f5e82383f1fc
Patinar	mine_skateboarding.emotecraft	c7e67911-f6d2-37e2-be58-d61aa62f0baa
Kickflip en monopatín	mine_skateboarding_kickflip.emotecraft	71e7da3e-601b-3cd9-b653-91fd5542a49e
Baile Skibidi Dob Dob	mine_skibididobdobyesyes.emotecraft	9e2ea591-66ec-3d11-a3e9-35180af8a199
Baile del topo	mine_slebyshdances.emotecraft	27f83faa-4852-334b-a098-32de01dce68d
Volar	mine_smoothflight.emotecraft	720ef6da-047c-3f37-a713-c21cec2d863c
Tocarse la barriga	mine_strokethestomach.emotecraft	410488a9-f9d3-34bf-ae19-62b76353f709
Viento fuerte	mine_strongwind.emotecraft	11b623d3-8736-30c4-84cf-7b771e11bd24
Boxear	mine_swinging_fists_in_a_fighting_stance.emotecraft	b136da6b-927c-342d-905c-3e4238c5777a
Triple patada	mine_triplekickinair.emotecraft	25fc8900-852d-358e-be14-3516505cfec2
¿Estás loco?	mine_twirl_finger_at_temple.emotecraft	d217d581-238d-304f-9ad6-5aec9095fd14
Puñetazo definitivo	mine_ultimate_punch.emotecraft	5d0baba5-8e53-3fe4-b2fd-44e395c3dd81
Baile caminando	mine_walking_dance.emotecraft	9b7b5662-9f68-3c7e-874d-9bb68c2d6b2b
Bostezar	mine_yawn.emotecraft	accde9db-8980-36ab-bad2-8a374b1fe3fc
Andar como un zombi	mine_zombie_walk.emotecraft	cc275c59-20a3-322c-93f4-daa673450b3a
Presentar respetos	respetos.emotecraft	8f1eca53-a93a-3653-bda4-a12e1df969b9
Sentarse abrazando las rodillas	sentarse_rodillas.emotecraft	c93641b9-6684-3c3a-b68a-1e57e9ce9031
Lanzar un beso	spe_air_kiss.emotecraft	3792d562-48b6-3e3d-a1c6-7590c5ef51bd
Pedir perdón	spe_apologize.emotecraft	0ec7c737-fd17-39c6-a343-e5402905dce0
Pedir perdón de rodillas	spe_apologize_on_my_knees.emotecraft	07c12afa-1fc6-329c-becb-778561e96863
Baile Ashi	spe_ashi.emotecraft	9d6a4b01-0d87-31e7-8693-e31d71bb487e
Ballet	spe_ballet.emotecraft	f3533dc5-d7cf-3c6a-9468-4cb649c6aba1
Vendarse el brazo	spe_bandage_hand.emotecraft	1fe08ea5-d963-3696-9100-bbc73b261540
Calentarse junto al fuego	spe_bask_by_the_fire.emotecraft	6fca04c1-8e41-3c28-82ec-7242ac17de94
Avergonzarse	spe_be_ashamed.emotecraft	c62393a6-ece9-3fdd-a39a-85dd0e924ed0
Estar triste	spe_be_sad.emotecraft	1fea025b-8a9b-3fc4-9e95-4eda107730a9
Ser tímido	spe_be_shy.emotecraft	01ab1336-dce9-3c50-a06b-9146bffd482c
Baile Beyond the Way	spe_beyond_the_way.emotecraft	642a4be9-c194-306b-805f-bc7d7c75ed47
Baile Beat Jock (FNF)	spe_bit_jock.emotecraft	881d3da5-ffd1-3aee-ac85-0bcd53db64ed
Baile Boogie Down	spe_boogie_down.emotecraft	18d71914-52dc-303a-a7b3-d22bbce7955c
Sentarse aburrido	spe_boring_sit.emotecraft	e3039843-12d3-3e0e-b370-70698631ca2e
Reverencia	spe_bow.emotecraft	ac8e3cd6-6be0-3363-9c8b-2d701692a371
Baile del conejito	spe_bunny.emotecraft	b7e72610-df16-30be-81e9-d6d7574bb876
Baile Caramelldansen	spe_caramel.emotecraft	784eb86a-3b4f-377d-9857-af5f681d4846
Sentarse tranquilo	spe_chill_to_sit.emotecraft	7e3c90d9-faf1-3757-b470-ea867075a015
Examinar un objeto	spe_consider_the_subject.emotecraft	9c2aacf9-c4fe-30c0-bc8e-a0156f2501c8
Sentadillas	spe_crouch.emotecraft	a70746e0-acf7-39c4-86be-608aeed3bfab
Abrazo	spe_cuddle.emotecraft	ffb2f740-5948-3dfc-a964-51f3ec8bfda9
Dab	spe_dab.emotecraft	dc359c66-49b4-332b-8cbe-f3ea5b976f43
Baile de manos	spe_dance.emotecraft	6be50443-c69b-3140-bc83-7ce46a50abbf
Baile de vacaciones	spe_dance1.emotecraft	c6273ef5-2ccd-3db4-bee6-696894651a04
Baile tornado	spe_dance2.emotecraft	c58b54bb-eef1-3fe0-9efb-e30c09c73550
Baile del Dios del Fuego	spe_dance_of_the_fire_god.emotecraft	ac832aac-1c4a-3960-832d-a70db91cc3e6
Alegría	spe_delight.emotecraft	8ca61b09-ea44-3947-a13c-08ab333fe6db
Morir	spe_die.emotecraft	2d2aeb39-fda7-3bff-bef1-b230be37c18e
Baile de la muñeca	spe_doll.emotecraft	de9a4096-f89a-3729-80cb-896be1d1fb97
Baile Domino	spe_domino.emotecraft	9be8a749-3c22-373b-9dcf-1114e020bf3a
Condenado	spe_doom.emotecraft	de064377-e422-3d89-9630-3c3475faae0c
Beber agua	spe_drink_some_water.emotecraft	6813601b-1a55-3b8f-81c6-b3397eced8db
Baile EgoRock	spe_egorock.emotecraft	807a4d39-577b-34a3-b004-882109ea360f
Sentarse avergonzado	spe_embarrassing_to_sit.emotecraft	11cf5f24-4e9e-32f5-9fc9-74176c7cc3c4
Esperar	spe_expectation.emotecraft	d182de63-bad9-3092-bf19-f30f10603737
Explicar en la mesa	spe_explain_something_on_the_table.emotecraft	38d58a76-95a7-3f97-af76-9a7da942b6e5
Estirar los brazos	spe_extend_your_arms_forward.emotecraft	90540cf6-015b-3054-87de-c1d09eb3106a
Cansado	spe_fatigue.emotecraft	39faec1a-f935-3e1f-9f33-b6a5c68a2b6d
Miedo	spe_fear.emotecraft	8b985132-63d3-3543-8729-831c6b7e5071
En guardia	spe_fighting_pose.emotecraft	3b270a76-d53e-37bc-b093-a041adb612e6
Apuntar con el arco	spe_fighting_pose_with_a_bow.emotecraft	2e42be62-b5b0-3a83-ae6d-9e49285e32ee
En guardia con escudo	spe_fighting_pose_with_shild.emotecraft	edb162e2-c649-37b4-8394-15da1fd7fc7b
En guardia con espada	spe_fighting_stance_with_swords.emotecraft	0fb1cf00-b6c2-3754-99ae-c6e88ddd8a2b
Remate	spe_finishing.emotecraft	73b8303f-6e24-3dac-ae42-8964d026d5f9
Baile Floss	spe_floss.emotecraft	7c9d1b0f-ae8b-3a60-99de-a03496f72737
Volar boca abajo	spe_flying_face_down.emotecraft	870986c5-d58c-3cdb-a622-796a880d5220
Manos juntas delante	spe_fold_your_hands_in_front_of_you.emotecraft	d0acef26-c7a3-3997-add9-53783098ccbe
Baile Foot Tapping	spe_foot_tapping.emotecraft	6b7f27e8-0dc4-37a0-87e3-8f78bb8e30a5
Forjar	spe_forge.emotecraft	5ea4519d-504b-34dc-8eff-9e479e6bc203
Baile Gangnam Style	spe_gangnam_style2.emotecraft	6acccfca-95f4-3ec2-961f-accf2f34306b
Arrodillarse	spe_get_on_one_knee.emotecraft	1e1fd919-1e1c-3082-8dff-a391fc72e1a2
Llevarse un susto	spe_get_scared.emotecraft	75dec752-c93b-3d61-bf07-e302a5fc15dc
Ven aquí	spe_give_it_here.emotecraft	8f1dbe55-e0fe-3654-bf7f-ad545cbb0230
Volverse loco	spe_go_crazy.emotecraft	4eaab45e-9e56-3685-986d-83b019b71d3b
Sentarse en cuclillas	spe_gopnik.emotecraft	d617c1ee-ce38-392d-bbe1-43340c659622
Mano en el corazón	spe_hand_on_heart.emotecraft	71bcd25b-13fe-34a4-9dd6-35c7eccfdf18
Manos a la espalda	spe_hands_behind.emotecraft	a6ba45d3-3f5b-3c73-b8db-f7636e266b0e
Brazos en jarra	spe_hands_on_the_belt.emotecraft	81283512-5e00-3171-91ee-e73905bdb1d2
Manos arriba	spe_hands_up.emotecraft	77b59508-a8e3-36c4-9f99-de00acd333be
Darse la mano	spe_handshake.emotecraft	43c2efab-de57-3e64-a33a-ae416eed9190
Baile con cascos	spe_headphones.emotecraft	e6856d38-c3fc-3fc7-807d-08bd5520e0b4
Corazón (pareja derecha)	spe_heart1.emotecraft	8c89fd29-487a-39c0-863c-fc196c738b67
Corazón (pareja izquierda)	spe_heart2.emotecraft	6c435e58-3ae8-310a-8e89-b8100cff8844
Baile de Helltaker	spe_helltaker.emotecraft	a8069e20-870e-3aca-b5cd-cb0a0367a971
Ofrecer un objeto	spe_hold.emotecraft	47a79f54-2ccb-3098-8a37-e1e9f2487392
Ir de la mano (izquierda)	spe_holding_hands.emotecraft	bd97c1ae-7662-3cce-9faa-1378a7b4e046
Ir de la mano (derecha)	spe_holding_hands1.emotecraft	befc545a-186d-3f04-b301-79cfe3919de0
Caer de rodillas	spe_hopelessness.emotecraft	485d622a-c55c-3770-bedd-07c72f6d34d7
Abrazo sentados	spe_hugs.emotecraft	a97dabda-3627-3a77-927a-4ac977455a4c
Baile Hype	spe_hype.emotecraft	e48e2432-ea8d-3cb2-9de4-2f27e18fa9ec
Baile Idol	spe_idol.emotecraft	2237b8aa-e583-3e4b-8277-62043cbbcc39
Hacer como que trabajas	spe_imagine_sitting_down_to_work.emotecraft	182b2ae5-1292-3a23-8770-50d671fd66b5
Baile Internet	spe_internet.emotecraft	dbe3053b-877d-3139-808b-08844b835bed
Morir dramáticamente	spe_it_s_tragic_to_die.emotecraft	8cc3862c-94b4-394d-98f5-e5f4ad492d9b
Pose de Jotaro (JoJo)	spe_jojo_pose5.emotecraft	d6966af5-5afb-36ec-8e6f-a72005bd7b25
Pose de Dio (JoJo)	spe_jojo_pose8.emotecraft	a27b3baa-4cad-323d-b084-47c1a2eacb04
Saltar	spe_jump.emotecraft	9edb08cb-4e1e-3885-818a-14354cbd6c04
Saltar en el sitio	spe_jump_on_the_spot.emotecraft	050e3226-2870-3b1f-a745-6aa989d85020
Tirarse al suelo	spe_jump_to_the_floor.emotecraft	ee038f78-20c6-3b3e-9484-591dad3b6e0a
Baile Jumpstyle	spe_jumpstyle.emotecraft	b1b99c82-abc7-30e6-97c6-016987717437
Baile Just Dance	spe_justdance.emotecraft	adea3bf2-891c-3b8f-b3c9-499edf36f65c
De rodillas	spe_kneel_down.emotecraft	26bb8d7d-64f4-36a5-8d23-1b3c7ac8ffe7
Reír	spe_laugh.emotecraft	ad9b1abb-ebeb-3c46-bdb4-7ddfe4f8fbaf
Tumbarse	spe_lay.emotecraft	b6c4cb43-bb28-3e05-9d07-704c06e9fd5c
Apoyarse de espaldas	spe_lean_back_on_the_block.emotecraft	4c967f0c-bfcc-361c-a30b-9099abc64fdb
Apoyarse en un bloque	spe_lean_in_front_of_the_block.emotecraft	68053297-aaf8-3d31-9cf8-761e527c3054
Apoyarse con el brazo en la pared	spe_lean_with_a_straight_hand_against_the_wall.emotecraft	9615bdbe-0135-3d2c-92f0-a2a43ee92f62
Apoyar el codo en la pared	spe_lean_your_elbow_on_the_wall.emotecraft	feb2c4f2-fc18-3c33-9dd5-a5f082984d6d
Apoyar el codo en un bloque	spe_lean_your_hand_on_the_block1.emotecraft	86c7a6e4-18ba-3cf2-b22b-81caba50c84d
Levitación (Mob Psycho)	spe_levitation_of_the_mob.emotecraft	a0ddd946-415f-36f6-9d73-1cd9a9d9d4b2
Baile Lezginka	spe_lezginka.emotecraft	bf1500aa-9e6b-3ae4-ba73-608a94e230ef
Tumbarse boca abajo	spe_lie_on_your_stomach.emotecraft	9693e8d7-42fb-3201-a98b-c1a82242d9e6
Mirar con lupa	spe_look_through_a_magnifying_glass.emotecraft	e9e482d5-4807-3055-8a93-d1e1cd5eeefa
Pose de Luffy	spe_luffy_stand.emotecraft	fd1964e2-99ec-35cf-a549-be7c70377fb0
Tumbarse en una barca	spe_lying_in_a_boat.emotecraft	f8858cc3-6ebe-3c26-8401-8921448c8101
Tumbarse en una vagoneta	spe_lying_in_a_trolley.emotecraft	be2d7166-ad2d-3a04-8037-12b220c6892d
Tumbarse de lado	spe_lying_sideways1.emotecraft	b29c379a-aa15-3b0e-b4d4-c22bf6083f56
Tumbarse con las manos en la nuca	spe_lying_with_your_hands_behind_your_head.emotecraft	caa09a32-845b-3183-a1a3-4d882e1bdece
Pose de modelo	spe_modelpose6.emotecraft	3713eede-0b10-31b7-a82d-e0adf035b3a2
Baile Mysteria	spe_mystery.emotecraft	3c5bebf1-a3cc-3d48-9db7-35689b9af602
Pose de Naruto	spe_naruto_pose.emotecraft	d7e7967f-13af-3a8e-b031-8342198f985c
Sentarse con ternura	spe_nice_to_sit.emotecraft	3cf69662-f76b-3394-a076-988f7db6c281
Decir que no	spe_no.emotecraft	c2854dae-cafd-328a-b8db-02a0915f771c
Baile Oddloop	spe_oddloop.emotecraft	15cc395b-4f26-31a5-bc3e-eee6bf6b67cd
Indignado	spe_outrage.emotecraft	a86a3272-78cd-31c2-816d-5ac76e63a650
Baile Pearl	spe_pearl.emotecraft	e0a95b6f-89ef-33e1-ba4b-6e315d63cae8
Acariciar a la mascota	spe_petting_a_dog.emotecraft	38d73a12-a770-3601-aab9-13fb8bce2dac
Baile Phit Hon	spe_phit_hon.emotecraft	d65878ea-74cf-38e8-ad0c-b9a917412bf5
Pose para la foto	spe_photogenic_pose7.emotecraft	8108bfff-9270-3269-9b57-7a23f628003b
Dolor de espalda	spe_pinched_back.emotecraft	9c77e5cb-99fd-37f7-8f49-4ba40755a2ff
Dar un toque	spe_poke.emotecraft	860fb63a-ce28-3f5d-a0e9-1c7871a14a5a
Saludo formal	spe_polite_hello.emotecraft	9036fb4d-e893-32d4-abdb-3d03078b7703
Baile de Garnet	spe_pomegranate.emotecraft	31ebbaef-05f9-3563-92dc-59958b68b012
Rezar	spe_pray.emotecraft	873439bb-4408-3287-bbf5-ef6b2006eca9
Dominadas	spe_pull_ups.emotecraft	4a3381b3-6186-347a-90bc-675c4bff794e
Flexiones	spe_push_ups.emotecraft	86000bd3-8949-3d27-b30d-bcbd4c8f3838
Baile Quick Break	spe_quick_break.emotecraft	a8aae18b-dae4-3bfc-9d90-6cad8b252e32
Leer sentado	spe_read_a_book_sitting_down.emotecraft	2cde3255-cd73-36de-8f66-24aebaeb3e52
Piedra, papel o tijera	spe_rock_paper_scissors.emotecraft	86377be8-e57a-3663-80cc-307615d835a0
Sentarse romántico	spe_romantic_sit.emotecraft	03dc4df0-2b4e-322f-80bf-584da1aaa079
Baile Sad Cat	spe_sadcat.emotecraft	379dcd63-e77c-3173-b301-fb067fe29758
Saludo militar	spe_salute.emotecraft	1daa60d2-380a-30e4-880c-1101b9ee07c1
Baile Say So	spe_say_so.emotecraft	76346773-0529-3e97-95cb-8e8bf9e7a424
Rebuscar	spe_search.emotecraft	aaf04485-edeb-378f-abf6-6111e336fad7
Selfie	spe_selfie.emotecraft	6a9bec82-412e-35e0-bcc0-6e8bac8a26a2
Baile Seven	spe_seven.emotecraft	47019676-8f26-3eb1-8d88-e7e1255d103f
Jutsu de clones (Naruto)	spe_shadow_cloning_technique.emotecraft	2d69132f-314b-37a9-9d07-ecd5e4029133
Shaolin	spe_shaolin.emotecraft	cb17133d-6c8b-397c-b790-d3d3b37a5f69
Baile del ritual (Cult of the Lamb)	spe_sheep_ritual.emotecraft	737fd951-978f-3166-bfbe-d76786c2cfe2
Sorpresa	spe_shock.emotecraft	20b63701-47f7-3f12-88ba-4123bb2fa56c
Disparar con arco	spe_shoot_a_bow.emotecraft	10588961-8852-3531-a5c6-35fcb840dd6d
Encogerse de hombros	spe_shrug_your_shoulders.emotecraft	010119c9-71e0-32c1-80a8-d4d34d0996ba
Baile Shuffle	spe_shuffle.emotecraft	ac00ca64-7910-3b83-bfe6-46adca38024a
Cantar al micro	spe_sing_into_the_microphone.emotecraft	8e5370d3-8d14-3dbc-923a-90e6bd2ee9f4
Sentarse	spe_sit.emotecraft	a60d446b-e00b-32b7-9541-8773e00bb964
Sentarse de brazos cruzados	spe_sit2.emotecraft	06bdd281-873d-3619-9ccf-eca01e8702fa
Sentarse junto a la hoguera	spe_sit_by_the_fire.emotecraft	23d7ce0b-4ed6-3f04-8066-8c6eab41dca7
Sentarse con las piernas cruzadas	spe_sit_cross_legged.emotecraft	b30680c2-0858-3e8c-8858-588e46ef2b5a
Sentarse como un jefe	spe_sit_down_like_a_boss.emotecraft	d4571da2-df1b-3e5b-a371-0d08332ab7ac
Sentarse como un genio	spe_sit_down_like_a_genius.emotecraft	9efd71b7-d090-3710-814e-a61e963e0d41
Sentarse con elegancia	spe_sit_elegantly.emotecraft	0d433a6d-b708-37a5-8430-bda4862fe5a0
Sentarse relajado	spe_sit_relaxed.emotecraft	0b53ee6b-70dd-3c80-b880-192cc141ae34
Sentarse pensativo	spe_sit_thoughtfully.emotecraft	37db92b6-9a3f-386f-a65f-cfc14c5a1883
Sentarse con las manos en las rodillas	spe_sit_with_your_hands_on_your_knees.emotecraft	ee1603ad-2f89-3039-a126-2f44b341c258
Golpe al suelo	spe_slam.emotecraft	4aba6708-fd26-3600-88f5-cb50efd440eb
Dormir	spe_sleep.emotecraft	14926402-c4e0-3812-95cd-d614adf33ddb
Dormir de pie	spe_sleeping_standing_up.emotecraft	8aa280aa-4d83-3c57-9f63-e9df08d7255f
Resbalar	spe_slip_up.emotecraft	c038729e-0efb-3159-9824-09f1b69a58ce
Estornudar	spe_sneeze.emotecraft	d152e2e7-5e95-32a7-a600-b0d674f13523
Pose de Spider-Man	spe_spider_man_pose1.emotecraft	f068778f-5816-38d0-9b1e-2a13aad1a064
Dolor de barriga	spe_stomach_pain.emotecraft	57b11121-a50f-31a0-b343-15e13c338290
Baile raro	spe_strange_dance.emotecraft	ea0a992a-30e5-3ff1-a3ab-a9d99f040c92
Espadazo	spe_strike_with_a_sword1.emotecraft	c5e09f04-97e5-3a27-aa2b-e0fba528e462
Pose con estilo	spe_stylish_pose6.emotecraft	5444ae85-76c6-3f3b-b27b-cdc2fba774d4
Pose de la suerte	spe_successful_pose.emotecraft	e7e0fe4b-9d8a-3739-8c4f-ae33d94780db
Baile Super Shy	spe_super_shy.emotecraft	84016c7d-95b6-30d6-8317-7bc1212f3b51
Blandir la espada	spe_swing_the_sword.emotecraft	77e1117d-476f-3af7-9a7b-8bbc3cf337d9
¡Tachán!	spe_tadam.emotecraft	e3ff69ff-ebdd-350d-8068-360da73dce15
Ofenderse	spe_take_offence.emotecraft	772a32bd-5465-3993-ba0c-4cde20b021f2
Hablar	spe_talking1.emotecraft	d4266c17-2a21-3f4e-971c-b08e9e9bb1bd
Charlar en la barra	spe_talking_at_the_bar.emotecraft	4a4edd65-0d1e-3c8a-94b2-1c0ca426ed17
Hablar por teléfono	spe_talking_on_a_phone.emotecraft	bb2ae0bf-63be-34e2-ba31-a6d8c995b5e2
Teletransporte de Tracer	spe_teleportation_tracer.emotecraft	b8aa9fea-8aea-3084-b3db-8eaa12aaa2f0
Pose de Harley Quinn	spe_the_harley_quinn_pose.emotecraft	a597a959-494e-3d9f-8037-71cea5d5819b
Pensar	spe_think.emotecraft	96ee991c-2741-3533-874b-a498e87f303a
Ladear la cabeza	spe_tilt_head.emotecraft	0754daa1-db76-35f5-9ef5-ae30b175bcd2
Sentarse en el trono	spe_to_sit_on_the_throne.emotecraft	fd1efd32-d90b-333e-ad03-52b60e3995f3
Baile de JoJo	spe_torture_crackdown.emotecraft	8f353c41-6f39-3fd5-8234-c3245bd46c6f
Baile Tumbler	spe_tumbler.emotecraft	c9654ef7-a7ff-3bd7-9118-8f793876f766
Spagat	spe_twine.emotecraft	c94d3c48-d7e0-356e-933a-d0e3a9fe705f
Girar la espada	spe_twist_the_sword.emotecraft	10c554d4-ddec-3b38-8120-492f4bc39e55
Abdominales	spe_twisting.emotecraft	72f42cfa-fd86-33c2-946e-09d262628491
Escribir en el teclado	spe_typing_on_the_keyboard.emotecraft	b0082797-f13a-3678-8aa6-1626c42d0c2b
Baile del vampiro	spe_vampire.emotecraft	a57dbbcb-9934-348a-ac3e-499336cf673d
Mirar las flores	spe_view_flowers.emotecraft	ab41ced8-ed26-383c-8f92-552564d70293
Esperar en la pared	spe_wait_at_the_wall.emotecraft	e230167e-0a16-3595-b162-460dfaf19184
Preparado para correr	spe_waiting_for_the_race.emotecraft	d0f2ffe9-9376-3ec8-8b47-75ed3e4fb3dd
Vals (pareja 1)	spe_waltz1.emotecraft	53c953aa-83f3-3fad-a179-c369ea76afb9
Vals (pareja 2)	spe_waltz2.emotecraft	ea992375-3bbf-3a99-98cd-3e147c8de084
Lavarse las manos	spe_wash_your_hands.emotecraft	b33dc268-5979-3ee4-9bba-745e16317527
Sentarse nervioso	spe_worried_about_sitting.emotecraft	0cb9f782-fd5f-3f0e-a8c9-73fb0b404ee1
Reverencia profunda	spe_worship.emotecraft	0efbbadc-b37f-3db4-bd60-309fdb7467ce
Escribir	spe_writing_a_book.emotecraft	c869cd55-290f-32dc-a20d-1c149465d19c
Decir que sí	spe_yes.emotecraft	814ed6d1-d0ea-308d-bf7c-d66a466acf10
Victoria	victoria.emotecraft	2d2e1568-7e03-35e4-aa73-cf90f5f77c96
